campaign_id,content_intent,virality_shock
IG_001,community,1.546848815712677
IG_002,entertainment,0.700457607631377
IG_003,entertainment,6.654358577763945
IG_004,product,0.26375336025599605
IG_005,entertainment,2.920622343856276
IG_006,product,3.198625969660985
IG_007,community,0.48464675914308664
IG_008,community,6.651767234906416
IG_009,product,2.3306955457129916
IG_010,entertainment,2.282949291142065
IG_011,product,1.0241047936929926
IG_012,community,0.8314016774989529
IG_013,entertainment,0.8369445133502786
IG_014,product,1.3936845658729409
IG_015,entertainment,3.2903973540085785
IG_016,entertainment,1.1666274735724491
IG_017,product,0.4608295335878688
IG_018,entertainment,2.0152897932083396
IG_019,entertainment,2.1879786668323358
IG_020,community,1.7444871213389619
IG_021,community,1.8845217412649302
IG_022,product,0.794304086452802
IG_023,community,0.4540078492192795
IG_024,community,0.47808611010849006
IG_025,entertainment,0.2490394998434103
IG_026,product,1.223121649432049
IG_027,product,0.9315257313642236
IG_028,entertainment,0.6879841020162806
IG_029,community,0.08108348300445237
IG_030,entertainment,0.3463796506555777
IG_031,product,2.5927382424368846
IG_032,entertainment,0.5683987396912206
IG_033,entertainment,1.358665442937817
IG_034,community,0.3066394610594754
IG_035,entertainment,3.397023679981512
IG_036,entertainment,0.8847735777604087
IG_037,entertainment,1.2795831195229346
IG_038,product,7.2204178348956916
IG_039,product,3.6290615384548075
IG_040,product,0.7706039059470988
IG_041,entertainment,0.6039661309897699
IG_042,entertainment,0.7582718929815659
IG_043,community,1.5425139356367492
IG_044,product,0.9144426599389439
IG_045,product,0.7146534613256555
IG_046,product,3.4802497661834013
IG_047,product,0.9074848492614851
IG_048,entertainment,7.061452233031355
IG_049,entertainment,1.0801837647297197
IG_050,community,4.5609030221366025
IG_051,entertainment,1.354891678817487
IG_052,product,2.267134019336247
IG_053,product,0.540144061855307
IG_054,community,0.48398791615489234
IG_055,community,1.4780890362735977
IG_056,product,2.3169930736754636
IG_057,community,1.0348101983878095
IG_058,product,0.335063794205945
IG_059,community,0.31467352337801224
IG_060,product,0.2972844240047498
IG_061,product,0.22257775093803847
IG_062,community,1.0975303897159485
IG_063,entertainment,2.602018092709546
IG_064,entertainment,0.9886613536518066
IG_065,community,0.14640880384098
IG_066,product,0.8503167164722286
IG_067,entertainment,0.8707684797735725
IG_068,product,5.939345473707044
IG_069,entertainment,0.2897991372997017
IG_070,entertainment,0.7174328230022335
IG_071,community,4.263006994223752
IG_072,product,1.4659178867727742
IG_073,entertainment,1.6141622839809964
IG_074,product,1.1022976471246024
IG_075,entertainment,1.3237280125960844
IG_076,entertainment,1.9366663152411898
IG_077,community,0.5025483769935432
IG_078,product,2.1092866126969168
IG_079,community,0.31128307731470156
IG_080,product,1.3219564216192818
IG_081,entertainment,1.1640785371289297
IG_082,community,0.5922365625803172
IG_083,community,0.9809022338895563
IG_084,community,0.5891001182257694
IG_085,community,0.40214356476658875
IG_086,product,0.7403942011441588
IG_087,community,0.39125711966523175
IG_088,product,1.3157118427868928
IG_089,product,0.37622320927854663
IG_090,product,1.831582723956973
IG_091,product,0.36631663093154965
IG_092,product,0.6179481787202168
IG_093,community,0.5880678791688675
IG_094,community,3.0844541951328015
IG_095,entertainment,1.3241178362907122
IG_096,community,0.8352921524414281
IG_097,community,1.5279264043764338
IG_098,entertainment,0.16677436378065932
IG_099,entertainment,0.9640004175825451
IG_100,entertainment,5.462393431555697
IG_101,product,1.1190661360992082
IG_102,entertainment,1.0594248788875078
IG_103,community,1.5934621832208853
IG_104,product,2.1409816885541635
IG_105,community,0.1830773223354984
IG_106,entertainment,0.2393143044762405
IG_107,product,1.1957189035444566
IG_108,entertainment,0.5446319260029373
IG_109,product,3.050243650647754
IG_110,community,0.7649856286561604
IG_111,community,0.19313784439333403
IG_112,community,0.34033943221855156
IG_113,entertainment,0.09659535568775114
IG_114,product,0.8195443968838932
IG_115,entertainment,0.852035992629568
IG_116,product,0.697123076605364
IG_117,product,2.5018918437064115
IG_118,community,2.769707893529563
IG_119,product,0.8651692211012083
IG_120,community,0.16292103924500229
