campaign_id,campaign_date,campaign_name,content_type,campaign_type,creator_tier,featured_category,spend,discount_pct,reach,impressions,likes,comments,shares,saves,follower_gain,share_rate,save_rate,engagement_rate,save_to_share_ratio,is_viral,virality_score,virality_tier,revenue_share_first7_of_60
IG_001,2025-01-08,Influencer Reel Jan-08,Reel,Influencer,Micro,Accessories,6998.22,10,231486,357286,10033,1316,2169,1783,996,0.0093698970996086,0.0077024096489636,0.0660990297469393,0.822037805440295,0,0.7809380995435475,Standard,0.6188414384726837
IG_002,2025-01-11,Paid Amplification Reel Jan-11,Reel,Paid Amplification,Brand,T-shirts,20246.9,15,591157,949739,33375,3232,4288,4606,1041,0.0072535722320804,0.0077915003966797,0.0769694006837439,1.0741604477611941,0,1.0514959612826493,Standard,0.751324176840413
IG_003,2025-01-11,Influencer Reel Jan-11,Reel,Influencer,Macro,Hoodies,24736.95,0,10191099,12976963,759994,66733,142638,30542,45336,0.0139963315045806,0.0029969289867559,0.09811571843233,0.21412246385956057,1,3.8527716647520465,Viral,0.6800270424660515
IG_004,2025-01-11,Influencer Reel Jan-11,Reel,Influencer,Nano,Hoodies,4848.22,0,10011,15199,442,67,26,153,23,0.0025971431425432,0.015283188492658,0.0687244031565278,5.884615384615385,0,-3.079167528324721,Standard,0.7524052239417015
IG_005,2025-01-16,UGC Carousel Jan-16,Carousel,UGC,Micro,T-shirts,7578.01,0,207362,308759,16544,1270,3679,1085,1278,0.0177419199274698,0.0052323955208765,0.1088820516777423,0.2949170970372384,0,1.5886110240890605,Standard,0.6734233532374326
IG_006,2025-01-22,Product Drop Reel Jan-22,Reel,Product Drop,Brand,Limited Drops,10751.22,0,2371617,3347644,148813,5142,8226,32397,8620,0.0034685195796791,0.0136603001243455,0.082044444781767,3.938366156090445,0,0.9578512774178645,"High reach, low sharing",0.5408618076039334
IG_007,2025-01-26,Organic Reel Jan-26,Reel,Organic,Brand,Sneakers,2985.24,0,72064,89666,5449,330,503,1176,257,0.0069799067495559,0.0163188277087033,0.1034913410301953,2.337972166998012,0,-0.4017880341631094,Standard,0.7636202091999514
IG_008,2025-01-27,Organic Reel Jan-27,Reel,Organic,Brand,Hoodies,3987.28,0,1516158,2346430,88472,8220,23292,9563,14914,0.0153625149885434,0.0063073901268865,0.0854442610862456,0.41057015284217757,1,2.7135887613428427,Viral,0.617102404922317
IG_009,2025-01-27,Product Drop Reel Jan-27,Reel,Product Drop,Brand,Limited Drops,10697.7,0,568548,926911,34085,1760,2652,8406,1255,0.004664513814137,0.014785031343,0.0824961129051548,3.169683257918552,0,0.41635968126471956,Standard,0.5790417855431886
IG_010,2025-01-30,Paid Amplification Reel Jan-30,Reel,Paid Amplification,Brand,T-shirts,45202.63,15,2628990,3972188,176623,4670,58521,7156,14465,0.022259879269225,0.0027219578621447,0.093941019174664,0.12228089062046103,1,3.591505598409336,Viral,0.7043083068465805
IG_011,2025-01-31,Influencer Story Jan-31,Story,Influencer,Mid,T-shirts,10680.86,0,271555,436912,23266,801,928,3169,671,0.0034173556001546,0.0116698274750971,0.103713796468487,3.4148706896551726,0,-0.5045466698503307,Standard,0.5368371685069228
IG_012,2025-02-01,UGC Reel Feb-01,Reel,UGC,Mid,Hoodies,14599.93,0,347001,569807,20649,1546,1644,2725,1650,0.0047377385079581,0.0078530033054659,0.0765530935069351,1.6575425790754257,0,0.10933623065820353,Standard,0.6397207589152792
IG_013,2025-02-03,Influencer Static Post Feb-03,Static Post,Influencer,Nano,Hoodies,4504.02,10,22715,30120,1401,95,146,109,73,0.0064274708342504,0.0047985912392692,0.0770856262381686,0.7465753424657534,0,-1.2837084558551974,Standard,1.0
IG_014,2025-02-05,Paid Amplification Reel Feb-05,Reel,Paid Amplification,Brand,Gymwear,44278.17,0,2040744,2998081,134933,5404,9295,30120,10924,0.0045547114189726,0.0147593230704096,0.0880816016119611,3.240451855836471,0,1.233780998988193,"High reach, low sharing",0.5646254266173888
IG_015,2025-02-08,Influencer Story Feb-08,Story,Influencer,Nano,Hoodies,3820.67,10,38782,53789,2879,265,689,216,206,0.01776597390542,0.005569594141612,0.1044041049971636,0.3134978229317852,0,0.4750366441523508,Standard,0.5173793065001673
IG_016,2025-02-11,Influencer Static Post Feb-11,Static Post,Influencer,Micro,Accessories,3682.64,15,155859,256125,5347,1171,1477,542,251,0.0094765140287054,0.0034775021012581,0.0547738661225851,0.36696005416384564,0,0.5333638618034189,Standard,0.829876518861826
IG_017,2025-02-11,Product Drop Live Feb-11,Live,Product Drop,Brand,Limited Drops,10885.58,0,120538,144272,7345,338,206,1416,264,0.0017090046292455,0.0117473327913189,0.0771955731802419,6.87378640776699,0,-2.0010653599740924,Standard,0.6368762154276484
IG_018,2025-02-12,Paid Amplification Story Feb-12,Story,Paid Amplification,Brand,T-shirts,18001.64,10,310536,421145,18289,2342,3920,2880,1258,0.0126233351366669,0.0092742870391838,0.088334363809671,0.7346938775510204,0,1.3876399722001154,Standard,0.6638708621568713
IG_019,2025-02-14,Paid Amplification Story Feb-14,Story,Paid Amplification,Brand,T-shirts,28445.21,0,662215,1051444,56487,1070,8088,2736,2488,0.0122135560203257,0.0041315886834336,0.1032610254977613,0.33827893175074186,0,1.845959363584393,Standard,0.7445941391193627
IG_020,2025-02-16,Organic Carousel Feb-16,Carousel,Organic,Brand,Gymwear,1579.48,0,280311,362169,16709,2105,1174,1568,1739,0.0041882052434617,0.0055937869009778,0.076900300023902,1.3356047700170357,0,-0.20277604101807586,Standard,0.6340626519788062
IG_021,2025-02-19,Paid Amplification Story Feb-19,Story,Paid Amplification,Brand,Gymwear,18487.75,15,575815,888998,33454,4426,2379,3251,4015,0.0041315353021369,0.0056459105789185,0.075562463638495,1.3665405632618748,0,0.25739397994875596,Standard,0.669629112295304
IG_022,2025-02-20,Paid Amplification Reel Feb-20,Reel,Paid Amplification,Brand,T-shirts,19030.26,0,340698,457009,29890,537,1197,3233,1335,0.0035133754820985,0.0094893424675225,0.1023105506929891,2.700918964076859,0,-0.3153929154325216,Standard,0.5849870466192025
IG_023,2025-02-20,UGC Reel Feb-20,Reel,UGC,Nano,T-shirts,1799.98,10,11250,18449,641,72,16,112,37,0.0014222222222222,0.0099555555555555,0.0747555555555555,7.0,0,-3.8324302026661186,Standard,0.42373335374253784
IG_024,2025-02-21,Product Drop Reel Feb-21,Reel,Product Drop,Brand,Limited Drops,8911.83,0,127124,202351,5193,992,509,805,266,0.0040039646329567,0.0063323998615525,0.058989647902835,1.581532416502947,0,-0.7909552228952479,Standard,0.6659205114690144
IG_025,2025-02-23,Organic Story Feb-23,Story,Organic,Brand,T-shirts,2633.15,0,17501,22762,752,129,69,65,31,0.0039426318496085,0.0037140734815153,0.0579966859036626,0.9420289855072463,0,-2.1315541477744837,Standard,0.6967911858136636
IG_026,2025-02-27,Discount Reel Feb-27,Reel,Discount,Brand,Sneakers,8467.26,20,280650,430824,10022,2191,2098,3623,1182,0.0074755032959201,0.0129093176554427,0.063901656867985,1.726882745471878,0,0.5974209666182757,Standard,0.6249212830887438
IG_027,2025-03-10,Product Drop Reel Mar-10,Reel,Product Drop,Brand,Limited Drops,6740.56,0,201719,265952,6058,1024,526,3439,498,0.002607587783005,0.0170484684139818,0.0547643008343289,6.538022813688213,0,-1.075495947881788,Standard,0.5542224339915475
IG_028,2025-03-14,Influencer Carousel Mar-14,Carousel,Influencer,Macro,T-shirts,33151.17,10,602087,874941,33666,1208,5640,1611,2048,0.0093674170011975,0.0026756930476824,0.0699649718396178,0.2856382978723404,0,1.4165567361195333,Standard,0.7108460504903916
IG_029,2025-03-15,Organic Reel Mar-15,Reel,Organic,Brand,Limited Drops,2412.7,0,18584,27490,1415,130,27,91,52,0.0014528626775721,0.0048966853207059,0.0894855789926818,3.3703703703703702,0,-3.4690652001009177,Standard,0.6928423306620567
IG_030,2025-03-16,Influencer Reel Mar-16,Reel,Influencer,Macro,Hoodies,38429.66,0,601069,940551,44483,3299,3415,2340,1430,0.0056815440490193,0.0038930638578931,0.0890696409230887,0.6852122986822841,0,0.7255169871086808,Standard,0.6965785747695241
IG_031,2025-03-16,Paid Amplification Reel Mar-16,Reel,Paid Amplification,Brand,T-shirts,46916.87,0,3702945,4303656,118231,20350,23544,60321,6879,0.0063581824736797,0.0162900070079355,0.0600727258979001,2.5620540265035676,0,2.090468263317567,"High reach, low sharing",0.5660861100982906
IG_032,2025-03-17,Influencer Reel Mar-17,Reel,Influencer,Mid,Sneakers,9792.12,15,229580,289288,14738,967,1332,928,416,0.0058018991201324,0.0040421639515637,0.0782515898597438,0.6966966966966966,0,0.11408156269961775,Standard,0.6505477627975246
IG_033,2025-03-18,Influencer Reel Mar-18,Reel,Influencer,Mid,Hoodies,12039.6,0,626833,943984,24607,3270,8974,1699,3811,0.0143164128244683,0.0027104507899233,0.0614996338737749,0.18932471584577668,0,2.028618973966683,Standard,0.6711231239775233
IG_034,2025-03-20,Organic Reel Mar-20,Reel,Organic,Brand,Hoodies,4754.45,0,47253,67655,4085,118,101,431,128,0.0021374304276977,0.0091211140033437,0.100205277971769,4.267326732673268,0,-2.315470041252355,Standard,0.6553506865865424
IG_035,2025-03-20,Influencer Reel Mar-20,Reel,Influencer,Nano,Hoodies,3367.88,0,75742,105872,3032,477,1281,210,189,0.0169126772464418,0.0027725700404003,0.0660135723904834,0.16393442622950818,0,0.8524822290618851,Standard,0.8180528516019983
IG_036,2025-03-23,Influencer Reel Mar-23,Reel,Influencer,Micro,Limited Drops,4550.49,0,89702,105633,6063,178,1031,269,394,0.01149361218256,0.0029988183095137,0.0840672448774832,0.2609117361784675,0,0.43205718757883005,Standard,0.7709595282766013
IG_037,2025-03-24,Discount Reel Mar-24,Reel,Discount,Brand,Hoodies,7649.05,25,368991,488594,18292,2303,6170,954,1256,0.0167212750446487,0.0025854289129003,0.0751210734137147,0.1546191247974068,0,1.8902986329521703,Standard,0.7724519301610161
IG_038,2025-03-25,Paid Amplification Carousel Mar-25,Carousel,Paid Amplification,Brand,Hoodies,31227.49,15,4143880,6557897,283829,29083,63127,86250,36559,0.0152337905537805,0.020813826655212,0.1115594563549137,1.3662933451613415,1,3.3709436050037187,Viral,0.6358491962213676
IG_039,2025-03-26,Influencer Reel Mar-26,Reel,Influencer,Mid,Hoodies,9718.99,15,1683594,1962138,92152,7695,7366,27739,9426,0.0043751640835023,0.0164760625186357,0.0801570925056753,3.7658159109421665,0,1.0502885388778258,"High reach, low sharing",0.6278977094852236
IG_040,2025-03-27,Product Drop Static Post Mar-27,Static Post,Product Drop,Brand,Limited Drops,5138.23,0,197010,265612,14889,948,346,3213,731,0.0017562560276128,0.0163088168113293,0.0984518552357748,9.286127167630058,0,-1.6365611917997585,Standard,0.6143463457861109
IG_041,2025-03-29,Organic Static Post Mar-29,Static Post,Organic,Brand,Sneakers,3801.34,0,56862,92262,2492,200,281,316,171,0.0049417888924061,0.0055573141992895,0.0578417924096936,1.1245551601423487,0,-1.0358766200543452,Standard,0.6641469830220262
IG_042,2025-04-01,Paid Amplification Reel Apr-01,Reel,Paid Amplification,Brand,Hoodies,50467.47,0,1231510,1447566,103874,9607,12056,11865,4401,0.0097896078797573,0.0096345137270505,0.1115719726189799,0.9841572660915726,0,1.9534946503662467,Standard,0.6998762680358129
IG_043,2025-04-02,UGC Reel Apr-02,Reel,UGC,Mid,Accessories,13922.45,0,650425,991802,39033,4075,4893,2574,6674,0.0075227735711265,0.0039574124610831,0.0777568512895414,0.5260576333537706,0,1.1653457657382753,Standard,0.5843320552913828
IG_044,2025-04-06,Influencer Reel Apr-06,Reel,Influencer,Micro,Accessories,4556.27,0,127729,163340,9626,497,406,1302,582,0.0031786047021428,0.0101934564585959,0.092625793672541,3.206896551724138,0,-1.1063103175082414,Standard,0.686106272805957
IG_045,2025-04-10,Influencer Story Apr-10,Story,Influencer,Micro,Gymwear,4521.98,10,37220,58930,3014,98,69,395,73,0.0018538420204191,0.010612573885008,0.0960773777538957,5.72463768115942,0,-2.670670639377736,Standard,0.5210733966935548
IG_046,2025-04-11,Influencer Carousel Apr-11,Carousel,Influencer,Mid,Hoodies,12174.2,15,798549,1216217,71813,2337,5857,7826,4645,0.0073345530455864,0.0098002752492332,0.1099907457150406,1.3361789311934438,0,1.2668915012370636,Standard,0.6261793677647725
IG_047,2025-04-24,Influencer Story Apr-24,Story,Influencer,Mega,Gymwear,79327.19,10,1164903,1855518,50599,5260,2324,10545,5577,0.0019950158940272,0.0090522558530624,0.0589989037713869,4.537435456110155,0,-0.2782869114952975,Standard,0.616960021538618
IG_048,2025-04-24,Discount Reel Apr-24,Reel,Discount,Brand,Sneakers,11922.41,25,3386549,4260151,159890,25828,145458,10977,27506,0.0429516891679405,0.0032413527753474,0.1010329394318523,0.07546508270428577,1,4.666897644366516,Viral,0.7642683814608104
IG_049,2025-04-28,Influencer Carousel Apr-28,Carousel,Influencer,Nano,Hoodies,2499.25,0,30733,43507,1383,192,761,72,87,0.0247616568509419,0.0023427585982494,0.0783522597858979,0.09461235216819974,0,0.7783717550339957,Standard,1.0
IG_050,2025-04-30,UGC Reel Apr-30,Reel,UGC,Mid,Gymwear,8859.88,10,1168143,1798513,53468,3386,13670,9457,11885,0.0117023343888547,0.0080957553998097,0.0684685008599118,0.6918068763716166,0,2.164594290090415,Standard,0.637269355464648
IG_051,2025-04-30,Discount Story Apr-30,Story,Discount,Brand,Gymwear,15152.08,25,327671,417075,21281,2322,5473,1201,1493,0.0167027292619731,0.0036652618022345,0.0924006091475901,0.21944089164991779,0,1.8097505754686678,Standard,0.7718351684874334
IG_052,2025-05-02,Discount Reel May-02,Reel,Discount,Brand,Hoodies,5899.65,20,841584,1064917,75415,3331,4422,13145,8146,0.0052543774596475,0.0156193558812905,0.1144425274244757,2.972636815920398,0,0.8416071551636478,Standard,0.6637338015051661
IG_053,2025-05-02,Influencer Carousel May-02,Carousel,Influencer,Mid,Limited Drops,11853.16,0,171557,199622,15340,1207,220,2704,398,0.0012823726225103,0.0157615253239448,0.1134958060586277,12.290909090909091,0,-2.1625083245652363,Standard,0.5559395137515333
IG_054,2025-05-02,Organic Static Post May-02,Static Post,Organic,Brand,T-shirts,1371.66,0,77749,126673,4789,238,236,691,244,0.0030354088155474,0.0088875741167088,0.0765797630837695,2.9279661016949152,0,-1.5002032671212504,Standard,0.7201631168776571
IG_055,2025-05-04,Discount Reel May-04,Reel,Discount,Brand,Sneakers,14541.8,20,658244,990662,44985,3634,3758,4158,3072,0.0057091291375234,0.0063168065337473,0.0858876039887944,1.106439595529537,0,0.7926564009285777,Standard,0.6804806376779585
IG_056,2025-05-04,Organic Carousel May-04,Carousel,Organic,Brand,Limited Drops,4845.46,0,314842,462118,25690,2368,886,8731,1223,0.0028141099345068,0.0277313700205182,0.1196631961428272,9.854401805869074,0,-0.6741230424107416,Standard,0.5835947416089577
IG_057,2025-05-06,Influencer Reel May-06,Reel,Influencer,Mega,T-shirts,83249.44,0,2980958,4537010,256290,9468,28764,23298,10492,0.0096492469870424,0.0078156082708981,0.1066167319365116,0.80997079682937,1,2.521728632488963,Viral,0.6589205762484588
IG_058,2025-05-07,Influencer Story May-07,Story,Influencer,Micro,Gymwear,6026.26,0,9742,13792,411,58,20,67,10,0.0020529665366454,0.0068774378977622,0.0570724697187435,3.35,0,-3.4217143560056265,Standard,0.6103206667057011
IG_059,2025-05-09,Paid Amplification Reel May-09,Reel,Paid Amplification,Brand,T-shirts,41874.82,10,551477,765486,34033,4366,1946,2795,1556,0.0035287056395824,0.0050682077403046,0.0782262904889959,1.4362795477903392,0,0.011043193098720927,Standard,0.6603725751393608
IG_060,2025-05-11,Product Drop Static Post May-11,Static Post,Product Drop,Brand,Sneakers,10480.18,0,75077,103213,6003,186,124,538,204,0.0016516376520106,0.0071659762643685,0.0912529802735857,4.338709677419355,0,-2.3631808397202088,Standard,0.5959579559380086
IG_061,2025-05-12,Product Drop Reel May-12,Reel,Product Drop,Brand,Limited Drops,4635.94,0,51200,75275,2467,106,78,679,98,0.0015234375,0.01326171875,0.0650390625,8.705128205128204,0,-2.729339113189071,Standard,0.6174120534822436
IG_062,2025-05-13,UGC Live May-13,Live,UGC,Nano,Hoodies,4580.02,0,17072,21353,962,100,129,117,142,0.0075562324273664,0.0068533270852858,0.0766166822867853,0.9069767441860465,0,-1.2504811123907464,Standard,0.6666720776585557
IG_063,2025-05-14,Discount Story May-14,Story,Discount,Brand,T-shirts,10648.46,20,276213,440291,24620,1024,4989,844,1163,0.0180621476903693,0.0030556128784669,0.1139591547103141,0.16917217879334537,0,1.804049272683997,Standard,0.7125884045601825
IG_064,2025-05-14,Paid Amplification Carousel May-14,Carousel,Paid Amplification,Brand,T-shirts,17373.95,0,398003,619243,35463,781,4195,2896,1840,0.0105401215568726,0.0072763270628613,0.1088810888360138,0.6903456495828367,0,1.3038939230005504,Standard,0.6378219014979467
IG_065,2025-05-14,Influencer Story May-14,Story,Influencer,Mid,Hoodies,15210.97,15,22142,29333,1868,101,45,193,61,0.0020323367356155,0.0087164664438623,0.0996748261223015,4.288888888888889,0,-2.8893882686376005,Standard,0.7028604314995852
IG_066,2025-05-21,Paid Amplification Story May-21,Story,Paid Amplification,Brand,Hoodies,34752.75,10,409178,588931,31877,2618,1079,6963,1747,0.0026369941687969,0.0170170439270928,0.1039572020001075,6.453197405004634,0,-0.5894469536573042,Standard,0.6048078282747957
IG_067,2025-05-26,Influencer Static Post May-26,Static Post,Influencer,Mid,T-shirts,14096.45,10,321773,392728,14849,1078,1626,836,1057,0.0050532518265982,0.0025981048751759,0.057148983911018,0.5141451414514145,0,0.14807348168672252,Standard,0.7731867475873048
IG_068,2025-05-27,UGC Reel May-27,Reel,UGC,Micro,Hoodies,3762.68,0,825337,1350394,40648,3035,2946,7679,7432,0.0035694510242482,0.0093040782128997,0.0658010000763324,2.606585200271555,0,0.2951423675646804,Standard,0.5557372474498138
IG_069,2025-05-27,Discount Carousel May-27,Carousel,Discount,Brand,Hoodies,5204.81,30,66624,106694,4186,466,413,242,147,0.006198967339097,0.0036323246878001,0.0796559798270893,0.585956416464891,0,-0.6177259231647969,Standard,0.801616095271841
IG_070,2025-05-28,Influencer Reel May-28,Reel,Influencer,Micro,Gymwear,4752.23,0,136503,219899,8687,666,1055,522,451,0.0077287678659077,0.0038240917782026,0.0800715002600675,0.4947867298578199,0,0.1638433960925168,Standard,0.6378446199143469
IG_071,2025-05-30,Influencer Carousel May-30,Carousel,Influencer,Micro,Sneakers,5356.88,0,310118,408140,18709,2163,1974,1165,2433,0.0063653190076035,0.0037566345713567,0.0774253671183227,0.5901722391084093,0,0.4420266844783103,Standard,0.6366362680798285
IG_072,2025-06-03,Product Drop Reel Jun-03,Reel,Product Drop,Brand,Sneakers,6683.63,0,492942,608570,33618,2169,1851,6108,1774,0.003755005659895,0.012390910086785,0.088744720474214,3.299837925445705,0,0.022152450043604666,Standard,0.6220626272074251
IG_073,2025-06-05,Paid Amplification Carousel Jun-05,Carousel,Paid Amplification,Brand,T-shirts,38852.08,15,1923216,2415340,104814,14797,21392,6957,7897,0.0111230355820667,0.0036173783911947,0.0769336361594329,0.32521503365744203,1,2.4262682655885497,Viral,0.7476675972170278
IG_074,2025-06-06,Discount Carousel Jun-06,Carousel,Discount,Brand,Gymwear,10143.1,25,431245,515338,32322,2471,915,5279,3038,0.0021217637305939,0.0122413013484214,0.0950434207932845,5.769398907103825,0,-0.8544542999618903,Standard,0.6336117774512061
IG_075,2025-06-06,Paid Amplification Reel Jun-06,Reel,Paid Amplification,Brand,Accessories,18813.02,10,603870,730716,30201,1360,4376,1635,1907,0.0072465928097106,0.0027075363902826,0.0622186894530279,0.3736288848263254,0,1.0643242615714674,Standard,0.679854742206706
IG_076,2025-06-07,Organic Reel Jun-07,Reel,Organic,Brand,Hoodies,1828.18,0,338534,401383,16872,2455,4625,1009,1474,0.0136618478498466,0.002980498266053,0.0737326236064915,0.21816216216216217,0,1.5541610518049849,Standard,0.7426052642753582
IG_077,2025-06-08,UGC Story Jun-08,Story,UGC,Micro,Hoodies,4435.04,0,36874,60654,1387,172,161,249,199,0.004366220100884,0.0067527254976406,0.0533980582524271,1.546583850931677,0,-1.4949064828657652,Standard,0.5637082585310442
IG_078,2025-06-14,Organic Story Jun-14,Story,Organic,Brand,Sneakers,1809.19,0,184412,218902,7620,446,551,2512,1136,0.0029878749755981,0.0136216732099863,0.060348567338351,4.558983666061706,0,-0.947338823222732,Standard,0.6442214920471925
IG_079,2025-06-18,Influencer Reel Jun-18,Reel,Influencer,Mid,Hoodies,14213.78,10,145614,177106,11799,362,473,1295,468,0.0032483140357383,0.0088933756369579,0.0956570110016894,2.7378435517970403,0,-0.9891861376685939,Standard,0.6419864817216513
IG_080,2025-06-18,Influencer Carousel Jun-18,Carousel,Influencer,Micro,Accessories,6269.55,0,118933,185966,6752,709,617,2291,221,0.0051877948088419,0.0192629463647599,0.0871835403126129,3.713128038897893,0,-0.47787064196815493,Standard,0.5070091396155059
IG_081,2025-06-23,Organic Static Post Jun-23,Static Post,Organic,Brand,Limited Drops,3993.49,0,148060,213224,6466,267,1831,480,569,0.0123666081318384,0.0032419289477238,0.061083344590031,0.2621518296013108,0,0.8664860662913176,Standard,0.8332163537462713
IG_082,2025-06-26,Organic Reel Jun-26,Reel,Organic,Brand,Hoodies,2324.92,0,120295,184918,9089,404,477,738,240,0.0039652520886154,0.0061349183257824,0.0890145060060684,1.5471698113207548,0,-0.8410978804891351,Standard,0.5783733155715379
IG_083,2025-06-26,Influencer Reel Jun-26,Reel,Influencer,Mid,Hoodies,9905.57,0,410272,601235,25945,988,1795,3442,2884,0.0043751462444427,0.0083895561968645,0.078411395366976,1.9175487465181058,0,0.110916609845496,Standard,0.6007917356388305
IG_084,2025-06-27,UGC Reel Jun-27,Reel,UGC,Micro,Limited Drops,4955.61,0,74752,118936,2337,326,245,666,305,0.0032775042808219,0.0089094606164383,0.0478114297945205,2.7183673469387757,0,-1.4204778793734338,Standard,0.5695559549362146
IG_085,2025-06-28,Discount Carousel Jun-28,Carousel,Discount,Brand,Accessories,9634.85,20,107464,157889,5263,450,589,664,502,0.0054809052333804,0.0061788133700588,0.0648217077346832,1.1273344651952462,0,-0.4695034201150568,Standard,0.7499869381679527
IG_086,2025-06-29,Paid Amplification Reel Jun-29,Reel,Paid Amplification,Brand,Hoodies,32797.91,15,650124,917365,26408,3180,1945,11316,1586,0.0029917369609489,0.0174059102571201,0.0659089650589733,5.817994858611825,0,-0.10723825177919477,Standard,0.6454293810227946
IG_087,2025-06-29,Discount Story Jun-29,Story,Discount,Brand,Gymwear,8082.52,20,67382,101502,4673,223,386,683,145,0.0057285328425989,0.0101362381644949,0.0885251254044106,1.7694300518134716,0,-0.7190963249038156,Standard,0.7157549095068956
IG_088,2025-07-01,Product Drop Carousel Jul-01,Carousel,Product Drop,Brand,Sneakers,10597.58,0,730736,1003809,33980,1248,2770,15159,3002,0.0037906986928247,0.020744838081058,0.0727444658536051,5.4725631768953065,0,0.2971230104896686,Standard,0.6150590206626754
IG_089,2025-07-06,Product Drop Reel Jul-06,Reel,Product Drop,Brand,Limited Drops,7462.96,0,87194,115360,2955,479,239,2144,225,0.002741014289974,0.0245888478565038,0.0667133059614193,8.97071129707113,0,-1.5646858470950034,Standard,0.612326501995297
IG_090,2025-07-08,Product Drop Static Post Jul-08,Static Post,Product Drop,Brand,Limited Drops,12897.71,0,640392,886191,21322,2516,2781,6241,2319,0.004342652625267,0.0097455933240889,0.051312321203263,2.2441567781373606,0,0.3968788469814708,Standard,0.6110030331253108
IG_091,2025-07-11,Discount Story Jul-11,Story,Discount,Brand,T-shirts,7777.92,25,46035,56846,2987,263,166,610,122,0.0036059519930487,0.0132507874443358,0.0874551971326164,3.674698795180723,0,-1.611241196885252,Standard,0.6801198308645088
IG_092,2025-07-12,Paid Amplification Reel Jul-12,Reel,Paid Amplification,Brand,Hoodies,40513.39,10,947179,1466503,29649,2089,3310,12552,6581,0.0034945876122675,0.0132519829937107,0.0502544925510384,3.7921450151057403,0,0.3575102075432287,Standard,0.6080464970748755
IG_093,2025-07-12,UGC Reel Jul-12,Reel,UGC,Mid,Accessories,13550.1,10,265051,339358,21449,421,819,1843,1320,0.0030899713640016,0.0069533787837057,0.0925557722853337,2.2503052503052503,0,-0.6596279092616191,Standard,0.6175010450858702
IG_094,2025-07-14,Influencer Reel Jul-14,Reel,Influencer,Micro,T-shirts,4077.59,10,478578,587103,18819,1490,2194,2745,4182,0.0045844146617688,0.0057357421360781,0.0527562905106377,1.2511394712853237,0,0.2778448544486011,Standard,0.6086617359754394
IG_095,2025-07-14,Influencer Reel Jul-14,Reel,Influencer,Macro,Sneakers,33052.58,10,2518133,3206026,167188,11249,43156,5389,11115,0.0171380939767677,0.0021400775892297,0.0901390037777988,0.12487255538048012,1,3.2020515121126785,Viral,0.7203046934998144
IG_096,2025-07-16,Organic Reel Jul-16,Reel,Organic,Brand,Gymwear,2909.47,0,165650,260241,9389,672,869,1232,1113,0.0052460006036824,0.0074373679444612,0.0734198611530335,1.4177215189873418,0,-0.24203866508933883,Standard,0.6713875978419165
IG_097,2025-07-21,Organic Static Post Jul-21,Static Post,Organic,Brand,Hoodies,2131.98,0,283884,373336,16059,1921,980,1561,1385,0.003452114243846,0.0054987248312691,0.0722865677530258,1.5928571428571427,0,-0.46104181968751046,Standard,0.6758059934436508
IG_098,2025-07-22,Influencer Reel Jul-22,Reel,Influencer,Mid,Accessories,12227.69,15,41347,61732,1418,163,126,153,41,0.0030473794954893,0.0037003893873799,0.0449851258857958,1.2142857142857142,0,-1.914923319843229,Standard,0.7889479428652778
IG_099,2025-07-23,Influencer Reel Jul-23,Reel,Influencer,Micro,Hoodies,7095.33,10,183999,290388,14382,910,2086,501,541,0.0113370181359681,0.0027228408850048,0.0971690063532954,0.24017257909875359,0,0.8911318969056733,Standard,0.798343392489026
IG_100,2025-07-24,Discount Story Jul-24,Story,Discount,Brand,Gymwear,7522.86,30,679689,808063,56810,3641,15719,1665,4545,0.0231267535593484,0.0024496497662901,0.1145156093448621,0.10592276862395826,0,2.744205018316761,Standard,0.6752478413815161
IG_101,2025-07-27,Influencer Carousel Jul-27,Carousel,Influencer,Mid,Hoodies,10819.66,15,483498,740966,14824,793,1360,6927,1308,0.0028128347997302,0.0143268431306851,0.0494397081270243,5.093382352941177,0,-0.38933468356354695,Standard,0.6033537843926803
IG_102,2025-07-28,Organic Static Post Jul-28,Static Post,Organic,Brand,Sneakers,3217.23,0,109333,142551,4451,530,1612,414,332,0.0147439473900835,0.0037865969103564,0.06408861002625,0.25682382133995035,0,0.907354944279937,Standard,0.6599554821035079
IG_103,2025-07-29,Product Drop Story Jul-29,Story,Product Drop,Brand,Limited Drops,8429.49,0,198148,249331,16690,741,880,1747,842,0.0044411248157942,0.0088166421059006,0.1012273654036376,1.9852272727272726,0,-0.3526673315599583,Standard,0.5852261922278984
IG_104,2025-07-30,Influencer Reel Jul-30,Reel,Influencer,Micro,T-shirts,4529.69,15,284783,425594,17932,1207,970,8078,1965,0.0034061021900885,0.0283654572077687,0.0989771159093063,8.327835051546392,0,-0.4774525560719488,Standard,0.5588039927569859
IG_105,2025-07-31,Paid Amplification Reel Jul-31,Reel,Paid Amplification,Brand,Sneakers,48861.0,0,289187,464115,11278,622,754,2294,989,0.0026073094572024,0.0079325834148837,0.0516897370905331,3.042440318302387,0,-0.8359902919190698,Standard,0.6426061446136563
IG_106,2025-08-03,Influencer Live Aug-03,Live,Influencer,Macro,Gymwear,37932.28,10,269706,349946,11372,1776,1429,1150,672,0.0052983619200166,0.0042639021749608,0.0583116430483563,0.8047585724282715,0,0.09598699300947541,Standard,0.6382788500791526
IG_107,2025-08-04,Influencer Story Aug-04,Story,Influencer,Micro,Accessories,6842.35,0,81934,117527,5702,624,338,741,364,0.0041252715600361,0.0090438645739253,0.090377621012034,2.1923076923076925,0,-1.0420214456213197,Standard,0.519055060479567
IG_108,2025-08-08,Influencer Live Aug-08,Live,Influencer,Macro,Gymwear,33415.27,10,367820,476296,27030,604,3387,843,954,0.0092083084117231,0.0022918818987548,0.0866293295633734,0.24889282550930025,0,1.065035770268892,Standard,0.6533751229105211
IG_109,2025-08-14,Influencer Reel Aug-14,Reel,Influencer,Micro,Limited Drops,5616.12,15,499025,712179,32918,2699,2827,11462,2589,0.0056650468413406,0.0229687891388207,0.1000070136766695,4.054474708171206,0,0.5977164601362551,Standard,0.6027599444834769
IG_110,2025-08-16,Influencer Story Aug-16,Story,Influencer,Nano,T-shirts,3552.33,10,9275,13550,808,59,50,48,27,0.0053908355795148,0.0051752021563342,0.1040431266846361,0.96,0,-2.1223307351194984,Standard,0.7161112014306616
IG_111,2025-08-27,Influencer Carousel Aug-27,Carousel,Influencer,Nano,Accessories,3640.69,10,4037,5874,240,13,9,20,5,0.0022293782511766,0.0049541738915035,0.0698538518702006,2.2222222222222223,0,-3.8940938157669853,Standard,0.2382717165325861
IG_112,2025-08-28,Influencer Reel Aug-28,Reel,Influencer,Macro,Hoodies,28715.94,0,333972,488191,16036,2210,1092,2371,1150,0.0032697351873809,0.0070993975542859,0.0650024552956535,2.171245421245421,0,-0.42782222326210484,Standard,0.6219981353589914
IG_113,2025-08-30,Influencer Carousel Aug-30,Carousel,Influencer,Nano,Gymwear,3396.16,15,2409,2933,141,13,7,8,4,0.0029057700290577,0.0033208800332088,0.0701535907015359,1.1428571428571428,0,-3.871990359456681,Standard,1.0
IG_114,2025-09-03,Discount Carousel Sep-03,Carousel,Discount,Brand,Accessories,4252.66,20,87910,131581,4534,662,374,846,416,0.0042543510408372,0.0096234785576157,0.0729837333636673,2.2620320855614975,0,-0.9526702510314509,Standard,0.566973451270567
IG_115,2025-09-06,Discount Reel Sep-06,Reel,Discount,Brand,T-shirts,11650.69,20,486160,723102,21130,3829,7042,1572,2338,0.0144849432285667,0.003233503373375,0.0690575119302287,0.2232320363533087,0,1.8756764622517499,Standard,0.7758275007896793
IG_116,2025-09-07,Product Drop Reel Sep-07,Reel,Product Drop,Brand,Limited Drops,8184.42,0,138724,206878,4544,246,458,2815,697,0.0033015195640264,0.0202920907701623,0.0581226031544649,6.146288209606987,0,-0.9990199208852538,Standard,0.6103318400836935
IG_117,2025-09-10,Product Drop Story Sep-10,Story,Product Drop,Brand,Sneakers,9011.7,0,378704,449535,19364,1663,1859,3770,1293,0.004908847015083,0.0099550044361823,0.0703874265917444,2.027972027972028,0,0.21645853838938275,Standard,0.559803461502809
IG_118,2025-09-12,UGC Reel Sep-12,Reel,UGC,Mid,T-shirts,14547.03,0,1197686,1644925,87053,6054,7420,5294,6655,0.0061952798980701,0.004420190266898,0.0883545436783931,0.713477088948787,0,1.3036656588050684,Standard,0.6144022495379362
IG_119,2025-09-14,Paid Amplification Reel Sep-14,Reel,Paid Amplification,Brand,Sneakers,29783.08,0,1181546,1600424,36753,2899,3627,21692,4573,0.0030697069771299,0.0183589974491048,0.054988125726802,5.9807003032809485,0,0.3257437207217092,Standard,0.6248001176522925
IG_120,2025-09-20,Paid Amplification Reel Sep-20,Reel,Paid Amplification,Brand,Hoodies,22453.98,10,118048,140873,6652,435,268,1009,666,0.0022702629438872,0.0085473705611276,0.0708525345622119,3.764925373134328,0,-1.6231149292816103,Standard,0.6479623005012832
