campaign_id,campaign_date,campaign_name,content_type,campaign_type,creator_tier,featured_category,spend,discount_pct,reach,impressions,likes,comments,shares,saves,follower_gain,share_rate,save_rate,engagement_rate,save_to_share_ratio,is_viral,virality_score,virality_tier,revenue_share_first7_of_60,new_customers,avg_first_order,first_order_refund_rate,first_order_discount_pct,repeat_30d,repeat_60d,repeat_90d,revenue_90d_per_customer,cm_90d_per_customer,cm_90d_median,median_days_to_second,revenue_7d,cm_7d,orders_7d,revenue_total,cm_total,refunds_total,gross_total,discount_total,cac,roas_7d,ltv_cac,cm_90d_total,campaign_profit_90d,refund_rate,discount_rate,cost_per_reach_1k,conversion_per_1k_reach,payback_days
IG_001,2025-01-08,Influencer Reel Jan-08,Reel,Influencer,Micro,Accessories,6998.22,10,231486,357286,10033,1316,2169,1783,996,0.0093698970996086,0.0077024096489636,0.0660990297469393,0.822037805440295,0,0.7809380995435475,Standard,0.6188414384726837,168,50.79869047619048,0.05952380952380952,8.392857142857142,0.08928571428571429,0.2619047619047619,0.2976190476190476,83.7722619047619,34.753750000000004,20.43,46.0,8093.92,3654.33,158,16292.04,6420.21,1712.47,17311.88,1019.84,41.65607142857143,1.1565683845320667,0.8343021511184273,5838.630000000001,-1159.5899999999992,0.09891877716342766,0.058909835326954665,30.231720276820198,0.7257458334413313,
IG_002,2025-01-11,Paid Amplification Reel Jan-11,Reel,Paid Amplification,Brand,T-shirts,20246.9,15,591157,949739,33375,3232,4288,4606,1041,0.0072535722320804,0.0077915003966797,0.0769694006837439,1.074160447761194,0,1.051495961282649,Standard,0.751324176840413,173,62.06942196531792,0.09826589595375723,12.745664739884393,0.08092485549132948,0.16184971098265896,0.19653179190751446,91.73271676300578,29.895260115606938,17.04,60.0,10317.98,3165.3,168,18241.83,6235.22,1894.86,20217.46,1975.63,117.03410404624279,0.5096078905906583,0.2554405859662467,5171.88,-15075.02,0.09372393960467833,0.09771900129887731,34.249615584354075,0.29264645432600817,
IG_003,2025-01-11,Influencer Reel Jan-11,Reel,Influencer,Macro,Hoodies,24736.95,0,10191099,12976963,759994,66733,142638,30542,45336,0.0139963315045806,0.0029969289867559,0.09811571843233,0.2141224638595605,1,3.8527716647520465,Viral,0.6800270424660515,1059,105.3844192634561,0.10387157695939565,0.0,0.16052880075542966,0.28800755429650615,0.3267233238904627,163.33967894239848,69.12706326723324,47.33,39.0,106138.92,45857.4,1007,194467.38999999998,82325.28,17313.53,196161.29,1693.9,23.358781869688386,4.290703583101393,2.9593607942773867,73205.56,48468.61,0.08826170545676977,0.008635240928523665,2.427309360845185,0.10391420984135273,0.0
IG_004,2025-01-11,Influencer Reel Jan-11,Reel,Influencer,Nano,Hoodies,4848.22,0,10011,15199,442,67,26,153,23,0.0025971431425432,0.015283188492658,0.0687244031565278,5.884615384615385,0,-3.079167528324721,Standard,0.7524052239417015,8,84.67125,0.125,0.0,0.375,0.5,0.5,126.1875,55.058749999999996,52.01,28.0,735.13,294.7,9,1106.51,489.75,91.1,1106.51,0.0,606.0275,0.15162884522567044,0.09085190028505306,440.46999999999997,-4407.75,0.08233093239103126,0.0,484.289281790031,0.79912096693637,
IG_005,2025-01-16,UGC Carousel Jan-16,Carousel,UGC,Micro,T-shirts,7578.01,0,207362,308759,16544,1270,3679,1085,1278,0.0177419199274698,0.0052323955208765,0.1088820516777423,0.2949170970372384,0,1.5886110240890603,Standard,0.6734233532374326,42,67.62071428571429,0.11904761904761904,0.0,0.07142857142857142,0.2857142857142857,0.2857142857142857,114.52904761904763,43.96333333333333,35.370000000000005,42.0,2809.2999999999997,1170.84,41,5152.5199999999995,2029.03,501.7,5198.74,46.22,180.42880952380952,0.3707173783090811,0.2436602749270587,1846.4599999999998,-5731.55,0.09650415292936365,0.008890615803059972,36.544834637011604,0.2025443427436078,
IG_006,2025-01-22,Product Drop Reel Jan-22,Reel,Product Drop,Brand,Limited Drops,10751.22,0,2371617,3347644,148813,5142,8226,32397,8620,0.0034685195796791,0.0136603001243455,0.082044444781767,3.938366156090445,0,0.9578512774178644,"High reach, low sharing",0.5408618076039334,1189,82.28098402018503,0.08746846089150546,0.0,0.22287636669470143,0.432296047098402,0.4945332211942809,174.02719091673677,66.85789739276703,47.33,37.0,93183.68,36095.57,1153,242342.15,94689.29,21215.0,245027.66,2685.5099999999998,9.04223717409588,8.667265668454371,7.393955290655386,79494.04,68742.81999999999,0.08658206179661512,0.010960027941335274,4.533286782815268,0.5013457063261058,0.0
IG_007,2025-01-26,Organic Reel Jan-26,Reel,Organic,Brand,Sneakers,2985.24,0,72064,89666,5449,330,503,1176,257,0.0069799067495559,0.0163188277087033,0.1034913410301953,2.337972166998012,0,-0.4017880341631094,Standard,0.7636202091999514,34,137.3544117647059,0.08823529411764706,0.0,0.23529411764705882,0.35294117647058826,0.4411764705882353,210.37176470588236,70.63264705882354,67.37,40.0,4916.08,1763.02,36,7597.93,2538.03,736.76,7662.65,64.72,87.80117647058823,1.6467955675255592,0.8044612828449305,2401.51,-583.7299999999996,0.09614950441426921,0.008446164186019197,41.424844582593245,0.47180284191829486,
IG_008,2025-01-27,Organic Reel Jan-27,Reel,Organic,Brand,Hoodies,3987.28,0,1516158,2346430,88472,8220,23292,9563,14914,0.0153625149885434,0.0063073901268865,0.0854442610862456,0.4105701528421775,1,2.7135887613428427,Viral,0.617102404922317,389,113.96853470437019,0.11053984575835475,0.0,0.20822622107969152,0.39588688946015427,0.4704370179948586,199.5649614395887,81.72948586118252,49.22,36.0,41973.3,17491.02,373,88382.1,36792.95,8326.25,89039.6,657.5,10.250077120822622,10.526800224714593,7.9735483838606775,31792.77,27805.49,0.09351176330531583,0.007384354826391852,2.62985783803535,0.25656956596871827,0.0
IG_009,2025-01-27,Product Drop Reel Jan-27,Reel,Product Drop,Brand,Limited Drops,10697.7,0,568548,926911,34085,1760,2652,8406,1255,0.004664513814137,0.014785031343,0.0824961129051548,3.169683257918552,0,0.4163596812647195,Standard,0.5790417855431886,325,112.28396923076923,0.09230769230769231,0.0,0.26461538461538464,0.48615384615384616,0.5446153846153846,220.84009230769232,87.60375384615385,74.22999999999999,33.0,35728.43,14280.81,315,82996.06,32532.09,6841.38,83515.82,519.76,32.916000000000004,3.339823513465511,2.661433766136646,28471.22,17773.52,0.08191717449460473,0.0062234915492657555,18.81582557673231,0.5716315948697384,0.0
IG_010,2025-01-30,Paid Amplification Reel Jan-30,Reel,Paid Amplification,Brand,T-shirts,45202.63,15,2628990,3972188,176623,4670,58521,7156,14465,0.022259879269225,0.0027219578621447,0.093941019174664,0.122280890620461,1,3.591505598409336,Viral,0.7043083068465805,379,56.91707124010554,0.08443271767810026,12.62532981530343,0.10290237467018469,0.17678100263852242,0.20316622691292877,83.55828496042217,30.763905013192613,17.44,47.0,20237.94,6935.24,362,35067.96,13209.6,2589.69,38837.33,3769.37,119.26815303430078,0.4477159846672638,0.257938973904837,11659.52,-33543.11,0.0666804334901498,0.09705533310348574,17.193914773354024,0.14416182640481703,
IG_011,2025-01-31,Influencer Story Jan-31,Story,Influencer,Mid,T-shirts,10680.86,0,271555,436912,23266,801,928,3169,671,0.0034173556001546,0.0116698274750971,0.103713796468487,3.4148706896551726,0,-0.5045466698503307,Standard,0.5368371685069228,457,62.03459518599562,0.08096280087527352,0.0,0.22319474835886213,0.4201312910284464,0.49015317286652077,128.86258205689276,54.904245076586434,39.22,38.5,27334.53,11952.06,444,68696.69,28623.28,5458.46,69441.2,744.51,23.37168490153173,2.559206842894673,2.3491778751898256,25091.24,14410.380000000001,0.0786054964487941,0.010721444905906005,39.3322163097715,1.682900333265821,0.0
IG_012,2025-02-01,UGC Reel Feb-01,Reel,UGC,Mid,Hoodies,14599.93,0,347001,569807,20649,1546,1644,2725,1650,0.0047377385079581,0.0078530033054659,0.0765530935069351,1.6575425790754257,0,0.1093362306582035,Standard,0.6397207589152792,252,107.86269841269842,0.13095238095238096,0.0,0.21031746031746032,0.40476190476190477,0.5,198.7254365079365,78.75083333333333,47.79,41.0,26427.21,10424.81,245,57059.69,23061.52,5792.4,57532.87,473.18,57.93623015873016,1.810091555233484,1.359267475939953,19845.21,5245.279999999999,0.10067983745639665,0.008224515828951345,42.07460497231996,0.7262226910008905,43.0
IG_013,2025-02-03,Influencer Static Post Feb-03,Static Post,Influencer,Nano,Hoodies,4504.02,10,22715,30120,1401,95,146,109,73,0.0064274708342504,0.0047985912392692,0.0770856262381686,0.7465753424657534,0,-1.2837084558551974,Standard,1.0,3,63.24666666666667,0.0,10.0,0.0,0.0,0.0,63.24666666666667,29.53,38.06,,189.74,88.59,3,189.74,88.59,0.0,210.82,21.08,1501.3400000000001,0.04212681115980835,0.019669095607923587,88.59,-4415.43,0.0,0.09999051323403851,198.2839533348008,0.13207131851199647,
IG_014,2025-02-05,Paid Amplification Reel Feb-05,Reel,Paid Amplification,Brand,Gymwear,44278.17,0,2040744,2998081,134933,5404,9295,30120,10924,0.0045547114189726,0.0147593230704096,0.0880816016119611,3.240451855836471,0,1.233780998988193,"High reach, low sharing",0.5646254266173888,1141,75.5862050832603,0.09027169149868536,0.0,0.2357581069237511,0.44259421560035056,0.5030674846625767,157.2022787028922,66.71637160385627,49.07,37.0,84303.23999999999,36305.71,1114,209461.09,89001.43,16485.51,211076.55,1615.46,38.806459246275196,1.9039458947829144,1.7192079076438798,76123.38,31845.210000000006,0.07810204402146993,0.00765343189473203,21.697072244240335,0.5591098148518384,22.0
IG_015,2025-02-08,Influencer Story Feb-08,Story,Influencer,Nano,Hoodies,3820.67,10,38782,53789,2879,265,689,216,206,0.01776597390542,0.005569594141612,0.1044041049971636,0.3134978229317852,0,0.4750366441523508,Standard,0.5173793065001673,12,99.63999999999999,0.0,9.166666666666666,0.16666666666666666,0.4166666666666667,0.4166666666666667,181.6725,76.4725,54.644999999999996,58.0,1113.69,532.27,11,2667.01,1168.58,94.43,2800.46,133.45,318.38916666666665,0.2914907594741237,0.24018562189354223,917.67,-2903.0,0.03371946037436707,0.04765288559736614,98.51657985663452,0.3094218967562271,
IG_016,2025-02-11,Influencer Static Post Feb-11,Static Post,Influencer,Micro,Accessories,3682.64,15,155859,256125,5347,1171,1477,542,251,0.0094765140287054,0.0034775021012581,0.0547738661225851,0.3669600541638456,0,0.5333638618034189,Standard,0.829876518861826,56,56.27464285714286,0.017857142857142856,13.392857142857142,0.10714285714285714,0.14285714285714285,0.14285714285714285,72.64357142857143,30.42214285714286,19.39,87.5,3029.68,1272.56,53,4622.5,1993.97,85.41999999999999,5193.94,571.4399999999999,65.76142857142857,0.8226924163100384,0.46261377707296947,1703.64,-1978.9999999999998,0.016446089096138962,0.11002052391825859,23.628022764165046,0.35929911009309695,
IG_017,2025-02-11,Product Drop Live Feb-11,Live,Product Drop,Brand,Limited Drops,10885.58,0,120538,144272,7345,338,206,1416,264,0.0017090046292455,0.0117473327913189,0.0771955731802419,6.87378640776699,0,-2.0010653599740924,Standard,0.6368762154276484,126,111.68428571428572,0.07142857142857142,0.0,0.2777777777777778,0.46825396825396826,0.5317460317460317,214.91325396825397,87.24063492063492,59.12,33.5,14157.650000000001,5997.04,127,30523.2,12289.43,2202.73,30737.920000000002,214.72,86.39349206349206,1.3005875663033115,1.0098056327728977,10992.32,106.73999999999978,0.07166164789289581,0.006985508453402182,90.30828452438234,1.0453135110919378,86.0
IG_018,2025-02-12,Paid Amplification Story Feb-12,Story,Paid Amplification,Brand,T-shirts,18001.64,10,310536,421145,18289,2342,3920,2880,1258,0.0126233351366669,0.0092742870391838,0.088334363809671,0.7346938775510204,0,1.3876399722001154,Standard,0.6638708621568713,77,57.24506493506493,0.11688311688311688,8.7012987012987,0.14285714285714285,0.23376623376623376,0.24675324675324675,102.90701298701299,35.81506493506494,17.59,32.0,4218.74,1236.45,73,8707.66,3100.66,900.83,9359.6,651.94,233.78753246753246,0.23435309227381504,0.1531949311284972,2757.76,-15243.88,0.09624663447155861,0.06965468609769648,57.96957518612979,0.24795836875595748,
IG_019,2025-02-14,Paid Amplification Story Feb-14,Story,Paid Amplification,Brand,T-shirts,28445.21,0,662215,1051444,56487,1070,8088,2736,2488,0.0122135560203257,0.0041315886834336,0.1032610254977613,0.3382789317507418,0,1.845959363584393,Standard,0.7445941391193627,171,59.84339181286549,0.09941520467836257,0.0,0.10526315789473684,0.23391812865497075,0.2631578947368421,91.38707602339181,36.67666666666667,23.06,48.5,10139.95,4196.46,168,18410.99,7621.93,1714.31,18558.06,147.07,166.3462573099415,0.3564730230502781,0.22048387057082725,6271.71,-22173.5,0.09237549614561004,0.0079248585250829,42.9546446395808,0.25822429271460173,
IG_020,2025-02-16,Organic Carousel Feb-16,Carousel,Organic,Brand,Gymwear,1579.48,0,280311,362169,16709,2105,1174,1568,1739,0.0041882052434617,0.0055937869009778,0.076900300023902,1.3356047700170357,0,-0.2027760410180758,Standard,0.6340626519788062,175,81.39091428571429,0.13142857142857142,0.0,0.1657142857142857,0.33714285714285713,0.3942857142857143,144.61034285714285,50.15434285714286,37.62,38.0,14119.77,4461.0199999999995,175,28314.04,10213.98,3965.69,28500.07,186.03,9.0256,8.939505406842759,5.556898472915136,8777.01,7197.530000000001,0.13914667578009457,0.006527352388959045,5.634741412217145,0.6243065737698485,0.0
IG_021,2025-02-19,Paid Amplification Story Feb-19,Story,Paid Amplification,Brand,Gymwear,18487.75,15,575815,888998,33454,4426,2379,3251,4015,0.0041315353021369,0.0056459105789185,0.075562463638495,1.3665405632618748,0,0.2573939799487559,Standard,0.669629112295304,674,65.08587537091988,0.08011869436201781,13.019287833827892,0.16023738872403562,0.28486646884273,0.3249258160237389,105.18691394658754,37.745163204747776,24.095,41.0,42820.13,15562.92,653,82159.78,29327.54,8430.53,90685.94,8526.16,27.429896142433236,2.316135278765669,1.3760592824978701,25440.24,6952.490000000002,0.09296402507378763,0.0940185435581304,32.10710037077881,1.170514835494039,20.0
IG_022,2025-02-20,Paid Amplification Reel Feb-20,Reel,Paid Amplification,Brand,T-shirts,19030.26,0,340698,457009,29890,537,1197,3233,1335,0.0035133754820985,0.0094893424675225,0.1023105506929891,2.700918964076859,0,-0.3153929154325216,Standard,0.5849870466192025,301,57.272026578073095,0.07973421926910298,0.0,0.23920265780730898,0.4152823920265781,0.46179401993355484,118.63787375415282,50.17016611295681,39.73,33.0,17592.45,7577.77,303,42830.56,18198.76,3177.06,43141.05,310.49,63.22345514950165,0.9244461189705239,0.7935372401638233,15101.22,-3929.039999999999,0.07364354831419262,0.007197089546962811,55.85668245777785,0.883480384387346,
IG_023,2025-02-20,UGC Reel Feb-20,Reel,UGC,Nano,T-shirts,1799.98,10,11250,18449,641,72,16,112,37,0.0014222222222222,0.0099555555555555,0.0747555555555555,7.0,0,-3.8324302026661186,Standard,0.4237333537425378,3,36.910000000000004,0.0,3.3333333333333335,0.3333333333333333,0.3333333333333333,0.3333333333333333,87.10666666666667,46.23333333333333,22.89,23.0,110.73,54.97,3,261.32,138.7,0.0,264.4,3.08,599.9933333333333,0.06151735019277992,0.07705641173790818,138.7,-1661.28,0.0,0.011649016641452346,159.99822222222224,0.26666666666666666,
IG_024,2025-02-21,Product Drop Reel Feb-21,Reel,Product Drop,Brand,Limited Drops,8911.83,0,127124,202351,5193,992,509,805,266,0.0040039646329567,0.0063323998615525,0.058989647902835,1.581532416502947,0,-0.7909552228952479,Standard,0.6659205114690144,49,103.39285714285714,0.22448979591836735,0.0,0.1836734693877551,0.3673469387755102,0.42857142857142855,192.28857142857143,58.31040816326531,43.0,41.0,5066.25,1247.54,49,11102.44,3502.7799999999997,1740.48,11285.2,182.76,181.87408163265306,0.568485933865435,0.3206086740882625,2857.21,-6054.62,0.1542267748910077,0.016194662035231983,70.1034423082974,0.3854504263553695,
IG_025,2025-02-23,Organic Story Feb-23,Story,Organic,Brand,T-shirts,2633.15,0,17501,22762,752,129,69,65,31,0.0039426318496085,0.0037140734815153,0.0579966859036626,0.9420289855072465,0,-2.1315541477744837,Standard,0.6967911858136636,5,69.314,0.2,0.0,0.0,0.4,0.4,128.14600000000002,60.596000000000004,49.07,49.0,346.57,155.46,5,729.6800000000001,350.2,31.49,739.38,9.7,526.63,0.1316180240396483,0.11506370696694074,302.98,-2330.17,0.04258973734750737,0.013119099786307447,150.4571167361865,0.2856979601165648,
IG_026,2025-02-27,Discount Reel Feb-27,Reel,Discount,Brand,Sneakers,8467.26,20,280650,430824,10022,2191,2098,3623,1182,0.0074755032959201,0.0129093176554427,0.063901656867985,1.726882745471878,0,0.5974209666182757,Standard,0.6249212830887438,399,121.11947368421052,0.16040100250626566,17.142857142857142,0.16040100250626566,0.3157894736842105,0.3483709273182957,205.51092731829573,45.40744360902256,34.2,40.0,45499.5,7577.65,377,94093.82,22048.170000000002,12233.24,106562.75,12468.93,21.2212030075188,5.373580119188498,2.1397205235223673,18117.57,9650.31,0.11479846381592067,0.11701021229275708,30.170176376269378,1.4216996258685195,6.0
IG_027,2025-03-10,Product Drop Reel Mar-10,Reel,Product Drop,Brand,Limited Drops,6740.56,0,201719,265952,6058,1024,526,3439,498,0.002607587783005,0.0170484684139818,0.0547643008343289,6.538022813688213,0,-1.075495947881788,Standard,0.5542224339915475,151,112.2094701986755,0.16556291390728478,0.0,0.271523178807947,0.4966887417218543,0.5562913907284768,227.64112582781456,81.2564238410596,59.73,35.5,16098.1,5134.04,142,37601.47,13592.95,3798.09,38213.62,612.15,44.6394701986755,2.3882437067543347,1.8202819943743547,12269.72,5529.159999999999,0.09939100247503377,0.016019157567380423,33.41559297835107,0.7485660745889082,21.0
IG_028,2025-03-14,Influencer Carousel Mar-14,Carousel,Influencer,Macro,T-shirts,33151.17,10,602087,874941,33666,1208,5640,1611,2048,0.0093674170011975,0.0026756930476824,0.0699649718396178,0.2856382978723404,0,1.4165567361195333,Standard,0.7108460504903916,196,54.76204081632653,0.12755102040816327,8.316326530612244,0.09183673469387756,0.18877551020408162,0.2193877551020408,79.05224489795918,25.795969387755104,17.215,50.0,10173.65,3187.17,184,17720.0,6169.68,2096.25,18902.45,1182.45,169.1386224489796,0.30688660460550865,0.15251377251541953,5056.01,-28095.159999999996,0.11089832270419972,0.06255538303235823,55.0604314658845,0.32553434968700534,
IG_029,2025-03-15,Organic Reel Mar-15,Reel,Organic,Brand,Limited Drops,2412.7,0,18584,27490,1415,130,27,91,52,0.0014528626775721,0.0048966853207059,0.0894855789926818,3.3703703703703702,0,-3.4690652001009177,Standard,0.6928423306620567,19,107.4884210526316,0.15789473684210525,0.0,0.10526315789473684,0.2631578947368421,0.42105263157894735,190.0778947368421,60.852105263157895,42.74,49.5,1947.8500000000001,636.02,18,3926.63,1198.9,682.0600000000001,3933.29,6.66,126.98421052631578,0.8073320346499773,0.4792100136776226,1156.19,-1256.5099999999998,0.17340699516181113,0.0016932389933109434,129.82673267326732,1.0223848471803703,
IG_030,2025-03-16,Influencer Reel Mar-16,Reel,Influencer,Macro,Hoodies,38429.66,0,601069,940551,44483,3299,3415,2340,1430,0.0056815440490193,0.0038930638578931,0.0890696409230887,0.6852122986822841,0,0.7255169871086808,Standard,0.6965785747695241,109,106.14935779816514,0.11926605504587157,0.0,0.1834862385321101,0.3302752293577982,0.3944954128440367,167.35146788990826,72.7645871559633,48.79,35.0,10990.77,4478.77,105,20579.23,8907.82,1525.96,20701.36,122.13,352.56568807339454,0.2859970658080243,0.2063859008900937,7931.339999999999,-30498.320000000003,0.07371303141436118,0.00589961239261575,63.93552154577928,0.1813435728676741,
IG_031,2025-03-16,Paid Amplification Reel Mar-16,Reel,Paid Amplification,Brand,T-shirts,46916.87,0,3702945,4303656,118231,20350,23544,60321,6879,0.0063581824736797,0.0162900070079355,0.0600727258979001,2.5620540265035676,0,2.090468263317567,"High reach, low sharing",0.5660861100982906,2169,62.6851959428308,0.10511756569847856,0.0,0.210696173351775,0.39557399723374825,0.46104195481788846,126.26503918856616,51.22033656062702,34.98,37.0,131113.44,52426.64,2091,316002.86,128652.52,27008.72,319011.44,3008.58,21.630645458736748,2.7945905172275984,2.3679522951978678,111096.91,64180.04,0.08466379763684964,0.009430947053184048,12.670150380305406,0.5857499908856328,0.0
IG_032,2025-03-17,Influencer Reel Mar-17,Reel,Influencer,Mid,Sneakers,9792.12,15,229580,289288,14738,967,1332,928,416,0.0058018991201324,0.0040421639515637,0.0782515898597438,0.6966966966966966,0,0.1140815626996177,Standard,0.6505477627975246,82,126.30280487804878,0.13414634146341464,13.353658536585366,0.10975609756097561,0.21951219512195122,0.25609756097560976,177.42707317073172,46.63219512195122,42.394999999999996,36.0,8598.55,1464.94,70,16111.02,4291.17,1863.0,17830.28,1719.26,119.41609756097562,0.8781091326495181,0.3905017503870459,3823.84,-5968.280000000001,0.10448517914469095,0.09642361196795564,42.65232163080408,0.35717396985800154,
IG_033,2025-03-18,Influencer Reel Mar-18,Reel,Influencer,Mid,Hoodies,12039.6,0,626833,943984,24607,3270,8974,1699,3811,0.0143164128244683,0.0027104507899233,0.0614996338737749,0.1893247158457766,0,2.028618973966683,Standard,0.6711231239775233,105,113.71457142857143,0.08571428571428572,0.0,0.2,0.3619047619047619,0.41904761904761906,191.51895238095238,82.81533333333334,67.04,34.5,11794.15,5555.06,100,23195.87,10064.75,1787.28,23316.88,121.01,114.66285714285715,0.979613110070102,0.7222507392272169,8695.61,-3343.99,0.0766517647301011,0.005189802409241716,19.207029623520143,0.16750873039549607,
IG_034,2025-03-20,Organic Reel Mar-20,Reel,Organic,Brand,Hoodies,4754.45,0,47253,67655,4085,118,101,431,128,0.0021374304276977,0.0091211140033437,0.100205277971769,4.267326732673268,0,-2.315470041252355,Standard,0.6553506865865424,34,106.89058823529412,0.029411764705882353,0.0,0.23529411764705882,0.38235294117647056,0.38235294117647056,200.01,95.43735294117647,48.94,19.0,3634.28,1851.8,34,6883.14,3290.16,276.07,6916.32,33.18,139.83676470588236,0.7643954610943433,0.6824911398794813,3244.87,-1509.58,0.039915735535660586,0.00479734887917274,100.61689204918206,0.7195310350665566,
IG_035,2025-03-20,Influencer Reel Mar-20,Reel,Influencer,Nano,Hoodies,3367.88,0,75742,105872,3032,477,1281,210,189,0.0169126772464418,0.0027725700404003,0.0660135723904834,0.1639344262295081,0,0.8524822290618851,Standard,0.8180528516019983,15,108.41000000000001,0.26666666666666666,0.0,0.13333333333333333,0.26666666666666666,0.3333333333333333,176.56133333333335,49.416666666666664,47.3,71.0,1626.15,248.11,15,3158.16,752.74,802.29,3197.03,38.87,224.52533333333335,0.482840837559533,0.22009394634013085,741.25,-2626.63,0.2509485366105416,0.012158159291592507,44.465158036492305,0.19804071717145044,
IG_036,2025-03-23,Influencer Reel Mar-23,Reel,Influencer,Micro,Limited Drops,4550.49,0,89702,105633,6063,178,1031,269,394,0.01149361218256,0.0029988183095137,0.0840672448774832,0.2609117361784675,0,0.43205718757883,Standard,0.7709595282766013,13,88.50615384615386,0.07692307692307693,0.0,0.23076923076923078,0.3076923076923077,0.38461538461538464,132.01538461538462,50.26153846153846,42.42,42.0,1150.5800000000002,436.15999999999997,13,2941.28,768.54,623.52,2962.71,21.43,350.0376923076923,0.2528474955444359,0.14358893218092997,653.4,-3897.0899999999997,0.2104559676782405,0.0072332425380816886,50.72896925375131,0.14492430492073755,
IG_037,2025-03-24,Discount Reel Mar-24,Reel,Discount,Brand,Hoodies,7649.05,25,368991,488594,18292,2303,6170,954,1256,0.0167212750446487,0.0025854289129003,0.0751210734137147,0.1546191247974068,0,1.8902986329521705,Standard,0.7724519301610161,204,86.43171568627452,0.11764705882352941,21.568627450980394,0.09803921568627451,0.18627450980392157,0.24019607843137256,123.49112745098039,39.223480392156866,25.784999999999997,51.0,17142.4,4789.79,196,27926.76,9128.83,2783.2,33427.94,5501.18,37.495343137254906,2.241114909694668,1.0460893836489498,8001.59,352.53999999999996,0.0832596923411972,0.1645683221879661,20.72963839226431,0.5528590128214509,75.0
IG_038,2025-03-25,Paid Amplification Carousel Mar-25,Carousel,Paid Amplification,Brand,Hoodies,31227.49,15,4143880,6557897,283829,29083,63127,86250,36559,0.0152337905537805,0.020813826655212,0.1115594563549137,1.3662933451613417,1,3.3709436050037187,Viral,0.6358491962213676,4535,94.02281367144431,0.11201764057331863,12.988974641675854,0.2022050716648291,0.3686879823594267,0.4196251378169791,165.11796030871002,60.28038588754134,35.81,37.0,413316.92,142533.9,4381,843160.55,309585.35,82941.9,925659.96,82499.41,6.88588533627343,13.235675361676522,8.754195422046408,273371.55,242144.06,0.08960298984953395,0.08912496333966957,7.535809434636139,1.0943849725378147,0.0
IG_039,2025-03-26,Influencer Reel Mar-26,Reel,Influencer,Mid,Hoodies,9718.99,15,1683594,1962138,92152,7695,7366,27739,9426,0.0043751640835023,0.0164760625186357,0.0801570925056753,3.7658159109421665,0,1.0502885388778258,"High reach, low sharing",0.6278977094852236,1793,95.06422755158951,0.1015058561070831,12.77467930842164,0.2007808142777468,0.369771332961517,0.4199665365309537,168.47150585610706,63.699687674288896,36.07,39.0,164485.66,58408.04,1718,343523.82,131186.76,29184.53,376600.44,33076.62,5.420518683770218,16.92415158365221,11.75158529847237,114213.54,104494.54999999999,0.07749467844487913,0.08782947784128983,5.772763504740453,1.0649836005592797,0.0
IG_040,2025-03-27,Product Drop Static Post Mar-27,Static Post,Product Drop,Brand,Limited Drops,5138.23,0,197010,265612,14889,948,346,3213,731,0.0017562560276128,0.0163088168113293,0.0984518552357748,9.286127167630058,0,-1.6365611917997585,Standard,0.6143463457861109,172,102.99226744186048,0.12209302325581395,0.0,0.23255813953488372,0.47093023255813954,0.5232558139534884,200.94767441860466,74.2443023255814,50.355000000000004,38.0,17123.86,6310.38,169,40534.21,14861.85,4275.77,40800.48,266.27,29.873430232558135,3.3326378928152307,2.4852955200526257,12770.02,7631.790000000001,0.10479705140723834,0.006526148711975936,26.081061875031722,0.8730521293335363,0.0
IG_041,2025-03-29,Organic Static Post Mar-29,Static Post,Organic,Brand,Sneakers,3801.34,0,56862,92262,2492,200,281,316,171,0.0049417888924061,0.0055573141992895,0.0578417924096936,1.124555160142349,0,-1.0358766200543452,Standard,0.6641469830220262,9,129.8222222222222,0.0,0.0,0.1111111111111111,0.1111111111111111,0.1111111111111111,167.27555555555557,50.27555555555555,48.23,109.5,999.86,414.39,8,1659.22,514.82,168.54,1659.22,0.0,422.37111111111113,0.26302830054664933,0.11903170987072978,452.47999999999996,-3348.86,0.10157784983305408,0.0,66.85202771622525,0.15827793605571383,
IG_042,2025-04-01,Paid Amplification Reel Apr-01,Reel,Paid Amplification,Brand,Hoodies,50467.47,0,1231510,1447566,103874,9607,12056,11865,4401,0.0097896078797573,0.0096345137270505,0.1115719726189799,0.9841572660915726,0,1.9534946503662467,Standard,0.6998762680358129,185,107.34756756756757,0.07027027027027027,0.0,0.16216216216216217,0.34054054054054056,0.3837837837837838,171.95162162162163,77.29935135135136,49.11,44.0,19367.48,8950.69,176,36286.54,16241.86,2120.68,36594.6,308.06,272.79713513513514,0.3837616587477042,0.283358369262418,14300.380000000003,-36167.09,0.05795062659518071,0.008418181917550678,40.98015444454369,0.15022208508254092,
IG_043,2025-04-02,UGC Reel Apr-02,Reel,UGC,Mid,Accessories,13922.45,0,650425,991802,39033,4075,4893,2574,6674,0.0075227735711265,0.0039574124610831,0.0777568512895414,0.5260576333537706,0,1.1653457657382753,Standard,0.5843320552913828,250,52.42632,0.064,0.0,0.16,0.316,0.368,96.38144,39.806,23.45,38.0,12333.97,5512.69,235,26638.36,11061.19,2391.33,26806.13,167.77,55.689800000000005,0.8859051388225491,0.7147808036660213,9951.5,-3970.9500000000007,0.08920832660290762,0.0062586430790270734,21.40515816581466,0.3843640696467694,
IG_044,2025-04-06,Influencer Reel Apr-06,Reel,Influencer,Micro,Accessories,4556.27,0,127729,163340,9626,497,406,1302,582,0.0031786047021428,0.0101934564585959,0.092625793672541,3.206896551724138,0,-1.1063103175082414,Standard,0.686106272805957,112,58.47544642857143,0.08035714285714286,0.0,0.17857142857142858,0.3125,0.4375,107.08053571428572,43.75714285714286,34.29,45.5,6389.2,2631.42,109,14304.18,5833.94,1383.01,14424.6,120.42,40.68098214285715,1.4022873973667054,1.075616677677135,4900.8,344.52999999999975,0.09587856855649377,0.008348238426022211,35.67138237988241,0.8768564695566394,84.0
IG_045,2025-04-10,Influencer Story Apr-10,Story,Influencer,Micro,Gymwear,4521.98,10,37220,58930,3014,98,69,395,73,0.0018538420204191,0.010612573885008,0.0960773777538957,5.72463768115942,0,-2.670670639377736,Standard,0.5210733966935548,53,67.36415094339623,0.1320754716981132,8.30188679245283,0.18867924528301888,0.4528301886792453,0.5094339622641509,143.9909433962264,46.75603773584906,43.66,47.0,3262.18,1092.34,49,8592.0,2944.71,1127.63,9022.73,430.73,85.32037735849056,0.7214052251447375,0.5480055197059697,2478.07,-2043.9099999999994,0.12497658690884025,0.047738323101766324,121.49328318108543,1.4239656098871574,
IG_046,2025-04-11,Influencer Carousel Apr-11,Carousel,Influencer,Mid,Hoodies,12174.2,15,798549,1216217,71813,2337,5857,7826,4645,0.0073345530455864,0.0098002752492332,0.1099907457150406,1.3361789311934438,0,1.2668915012370636,Standard,0.6261793677647725,832,90.06405048076923,0.10096153846153846,12.530048076923077,0.19831730769230768,0.36538461538461536,0.4182692307692308,159.93528846153848,60.288377403846155,35.705,37.5,71863.4,25134.8,796,152066.56,56855.1,13781.619999999999,166414.81,14348.25,14.632451923076925,5.902925859604737,4.120182845690065,50159.93,37985.729999999996,0.0828148648548768,0.08621979017372312,15.245401346692564,1.0418897274932408,0.0
IG_047,2025-04-24,Influencer Story Apr-24,Story,Influencer,Mega,Gymwear,79327.19,10,1164903,1855518,50599,5260,2324,10545,5577,0.0019950158940272,0.0090522558530624,0.0589989037713869,4.537435456110155,0,-0.2782869114952975,Standard,0.616960021538618,2382,66.83856003358522,0.10495382031905962,8.39630562552477,0.16414777497900923,0.3329135180520571,0.382031905961377,121.24246011754828,46.31485306465155,32.805,39.0,151975.54,56041.95,2265,328225.59,126666.97,29941.58,348660.74,20435.15,33.30276658270361,1.9158064214804533,1.3907208864955383,110321.98,30994.789999999994,0.08587597215562613,0.05861041309096058,68.09767851915568,2.044805447320506,38.0
IG_048,2025-04-24,Discount Reel Apr-24,Reel,Discount,Brand,Sneakers,11922.41,25,3386549,4260151,159890,25828,145458,10977,27506,0.0429516891679405,0.0032413527753474,0.1010329394318523,0.0754650827042857,1,4.666897644366516,Viral,0.7642683814608104,529,120.38633270321361,0.17391304347826086,20.746691871455578,0.11720226843100189,0.19848771266540643,0.22684310018903592,164.9310775047259,28.261833648393196,25.18,43.0,61101.27,7562.17,506,97424.06,17675.61,15050.28,115825.1,18401.04,22.5376370510397,5.124909309443309,1.253983884130809,14950.51,3028.1000000000004,0.129939710822611,0.15886919156555876,3.5205189707870757,0.15620621464505607,45.0
IG_049,2025-04-28,Influencer Carousel Apr-28,Carousel,Influencer,Nano,Hoodies,2499.25,0,30733,43507,1383,192,761,72,87,0.0247616568509419,0.0023427585982494,0.0783522597858979,0.0946123521681997,0,0.7783717550339957,Standard,1.0,6,102.10333333333334,0.3333333333333333,0.0,0.0,0.0,0.0,102.10333333333334,21.791666666666668,39.269999999999996,,612.62,130.75,6,612.62,130.75,178.45,612.62,0.0,416.5416666666667,0.2451215364609383,0.052315694708412526,130.75,-2368.5,0.2912898697398061,0.0,81.3213809260404,0.19522988318745324,
IG_050,2025-04-30,UGC Reel Apr-30,Reel,UGC,Mid,Gymwear,8859.88,10,1168143,1798513,53468,3386,13670,9457,11885,0.0117023343888547,0.0080957553998097,0.0684685008599118,0.6918068763716166,0,2.164594290090415,Standard,0.637269355464648,517,66.92555125725339,0.09284332688588008,8.471953578336556,0.172147001934236,0.3520309477756286,0.38684719535783363,116.77411992263056,48.69651837524178,36.44,39.5,33712.32,13552.05,500,70127.55,29161.6,4533.04,74338.19,4210.64,17.137098646034815,3.805053793053631,2.8415847618703642,25176.1,16316.22,0.060978616778267,0.05664168040680033,7.584585106446727,0.44258280022223306,0.0
IG_051,2025-04-30,Discount Story Apr-30,Story,Discount,Brand,Gymwear,15152.08,25,327671,417075,21281,2322,5473,1201,1493,0.0167027292619731,0.0036652618022345,0.0924006091475901,0.2194408916499177,0,1.809750575468668,Standard,0.7718351684874334,150,61.81666666666667,0.12,21.833333333333332,0.07333333333333333,0.13333333333333333,0.15333333333333332,86.265,26.192533333333333,15.774999999999999,57.5,8940.9,2886.19,143,14770.41,4843.77,1403.04,17499.22,2728.81,101.01386666666667,0.5900774019144566,0.25929641342970733,3928.88,-11223.2,0.08017728790197505,0.1559389504217902,46.24174858318252,0.45777624507509057,
IG_052,2025-05-02,Discount Reel May-02,Reel,Discount,Brand,Hoodies,5899.65,20,841584,1064917,75415,3331,4422,13145,8146,0.0052543774596475,0.0156193558812905,0.1144425274244757,2.972636815920398,0,0.8416071551636478,Standard,0.6637338015051661,1041,85.06333333333333,0.11911623439000961,16.829971181556196,0.16234390009606148,0.3121998078770413,0.3554274735830932,142.6366474543708,50.196493756003846,30.74,41.0,85028.81999999999,26871.24,1002,170267.1,61267.51,15017.98,192754.52,22487.42,5.66729106628242,14.41251938674328,8.857228818658736,52254.55,46354.9,0.07791246607342853,0.11666351585425856,7.01017367250328,1.236953174014715,0.0
IG_053,2025-05-02,Influencer Carousel May-02,Carousel,Influencer,Mid,Limited Drops,11853.16,0,171557,199622,15340,1207,220,2704,398,0.0012823726225103,0.0157615253239448,0.1134958060586277,12.290909090909093,0,-2.1625083245652363,Standard,0.5559395137515333,299,113.80735785953178,0.10367892976588629,0.0,0.26755852842809363,0.5183946488294314,0.5852842809364549,240.65866220735788,98.80454849498328,81.48,33.5,32708.44,13174.67,289,80989.7,33583.95,5639.45,81668.95,679.25,39.64267558528428,2.7594700484933976,2.492378403733688,29542.56,17689.4,0.06905255914273417,0.008317114399046394,69.09167215561008,1.7428609733208207,0.0
IG_054,2025-05-02,Organic Static Post May-02,Static Post,Organic,Brand,T-shirts,1371.66,0,77749,126673,4789,238,236,691,244,0.0030354088155474,0.0088875741167088,0.0765797630837695,2.9279661016949152,0,-1.5002032671212504,Standard,0.7201631168776571,25,54.81679999999999,0.2,0.0,0.2,0.24,0.28,83.8988,27.462,16.23,23.0,1370.4199999999998,479.15,25,2370.69,787.52,360.06,2375.5,4.81,54.866400000000006,0.9990959858857149,0.5005249114211976,686.55,-685.1100000000001,0.1515723005683014,0.0020248368764470637,17.64215616921118,0.3215475440198588,
IG_055,2025-05-04,Discount Reel May-04,Reel,Discount,Brand,Sneakers,14541.8,20,658244,990662,44985,3634,3758,4158,3072,0.0057091291375234,0.0063168065337473,0.0858876039887944,1.106439595529537,0,0.7926564009285777,Standard,0.6804806376779585,559,122.99636851520573,0.14669051878354203,16.815742397137747,0.15384615384615385,0.3023255813953488,0.3363148479427549,191.7865831842576,42.16824686940966,33.17,41.0,65439.380000000005,10811.22,534,123813.56,28457.07,16672.32,140818.15,17004.59,26.013953488372092,4.500088022115557,1.6209857101596776,23572.05,9030.25,0.11839610163888675,0.12075566963491567,22.091807901021504,0.84922916122289,20.0
IG_056,2025-05-04,Organic Carousel May-04,Carousel,Organic,Brand,Limited Drops,4845.46,0,314842,462118,25690,2368,886,8731,1223,0.0028141099345068,0.0277313700205182,0.1196631961428272,9.854401805869074,0,-0.6741230424107416,Standard,0.5835947416089577,341,119.50149560117303,0.12023460410557185,0.0,0.26099706744868034,0.4750733137829912,0.5366568914956011,232.2692668621701,91.78219941348974,68.5,33.5,38397.19,15263.49,319,89179.24,34805.41,9080.1,89995.14,815.9,14.209560117302052,7.924364250246623,6.4591865375010835,31297.73,26452.27,0.10089544835421113,0.009066045121992142,15.390132193290603,1.0830829431905526,0.0
IG_057,2025-05-06,Influencer Reel May-06,Reel,Influencer,Mega,T-shirts,83249.44,0,2980958,4537010,256290,9468,28764,23298,10492,0.0096492469870424,0.0078156082708981,0.1066167319365116,0.80997079682937,1,2.521728632488963,Viral,0.6589205762484588,1291,61.85795507358636,0.08597986057319908,0.0,0.14717273431448488,0.28117738187451585,0.3222308288148722,104.59168861347793,42.1340743609605,23.16,38.0,78720.78,31824.13,1247,152359.43,61337.36,14761.99,153509.58,1150.15,64.48446165762975,0.9456013157565984,0.6533988697101145,54395.090000000004,-28854.35,0.09616331436774174,0.007492366274469647,27.927075792413046,0.43308225073952733,
IG_058,2025-05-07,Influencer Story May-07,Story,Influencer,Micro,Gymwear,6026.26,0,9742,13792,411,58,20,67,10,0.0020529665366454,0.0068774378977622,0.0570724697187435,3.35,0,-3.4217143560056265,Standard,0.6103206667057011,13,65.17153846153846,0.07692307692307693,0.0,0.23076923076923078,0.6153846153846154,0.6153846153846154,153.44692307692307,71.10230769230769,64.03,32.0,938.13,439.99,14,2207.7599999999998,1015.68,100.58,2207.7599999999998,0.0,463.55846153846153,0.155673668245313,0.15338369071364327,924.3299999999999,-5101.93,0.04555748813276806,0.0,618.5855060562512,1.3344282488195442,
IG_059,2025-05-09,Paid Amplification Reel May-09,Reel,Paid Amplification,Brand,T-shirts,41874.82,10,551477,765486,34033,4366,1946,2795,1556,0.0035287056395824,0.0050682077403046,0.0782262904889959,1.4362795477903392,0,0.0110431930987209,Standard,0.6603725751393608,533,56.63859287054409,0.07692307692307693,8.311444652908067,0.13320825515947468,0.2570356472795497,0.3133208255159475,95.99236397748592,34.45146341463415,25.61,49.0,28965.81,10585.63,510,58751.0,21321.19,6093.01,62441.33,3690.33,78.56439024390244,0.6917238092008515,0.43851245211322704,18362.63,-23512.19,0.09757976007237514,0.05910075906454907,75.93212409583718,0.9664954295464725,
IG_060,2025-05-11,Product Drop Static Post May-11,Static Post,Product Drop,Brand,Sneakers,10480.18,0,75077,103213,6003,186,124,538,204,0.0016516376520106,0.0071659762643685,0.0912529802735857,4.338709677419355,0,-2.3631808397202088,Standard,0.5959579559380086,52,150.4303846153846,0.15384615384615385,0.0,0.23076923076923078,0.5192307692307693,0.5769230769230769,293.4825,62.80576923076923,58.015,36.5,7708.15,2123.95,52,16888.57,3593.6,3816.07,17066.11,177.54,201.54192307692307,0.7354978635863124,0.3116263270287342,3265.9,-7214.280000000001,0.22360514493343825,0.010403073694005253,139.59241845039094,0.6926222411657366,
IG_061,2025-05-12,Product Drop Reel May-12,Reel,Product Drop,Brand,Limited Drops,4635.94,0,51200,75275,2467,106,78,679,98,0.0015234375,0.01326171875,0.0650390625,8.705128205128204,0,-2.729339113189071,Standard,0.6174120534822436,70,117.70471428571429,0.04285714285714286,0.0,0.2714285714285714,0.4857142857142857,0.5857142857142857,220.01314285714287,89.74885714285715,74.035,33.0,7757.27,3337.02,68,18364.260000000002,7402.69,1667.93,18469.98,105.72,66.22771428571428,1.6732895593989572,1.3551555887263425,6282.42,1646.4800000000005,0.09030491641030473,0.005723882754610454,90.54570312499999,1.3671875,39.0
IG_062,2025-05-13,UGC Live May-13,Live,UGC,Nano,Hoodies,4580.02,0,17072,21353,962,100,129,117,142,0.0075562324273664,0.0068533270852858,0.0766166822867853,0.9069767441860463,0,-1.2504811123907464,Standard,0.6666720776585557,7,117.34,0.14285714285714285,0.0,0.42857142857142855,0.5714285714285714,0.5714285714285714,176.00857142857143,67.06,49.43,29.0,821.38,356.87,7,1232.06,469.42,185.96,1232.06,0.0,654.2885714285715,0.17933982821035716,0.10249300221396412,469.42,-4110.6,0.1509342077496226,0.0,268.27671040299913,0.4100281162136832,
IG_063,2025-05-14,Discount Story May-14,Story,Discount,Brand,T-shirts,10648.46,20,276213,440291,24620,1024,4989,844,1163,0.0180621476903693,0.0030556128784669,0.1139591547103141,0.1691721787933453,0,1.804049272683997,Standard,0.7125884045601825,83,53.750120481927716,0.10843373493975904,15.662650602409638,0.0963855421686747,0.1686746987951807,0.18072289156626506,80.73590361445783,24.16698795180723,20.91,38.0,4224.73,1328.69,79,7109.7,2108.6,988.51,8022.46,912.76,128.29469879518072,0.3967456327018179,0.1883709005809291,2005.8600000000001,-8642.599999999999,0.12321781598163156,0.1137755750729826,38.55162501402903,0.30049273567862483,
IG_064,2025-05-14,Paid Amplification Carousel May-14,Carousel,Paid Amplification,Brand,T-shirts,17373.95,0,398003,619243,35463,781,4195,2896,1840,0.0105401215568726,0.0072763270628613,0.1088810888360138,0.6903456495828367,0,1.3038939230005504,Standard,0.6378219014979467,108,54.72314814814814,0.046296296296296294,0.0,0.1111111111111111,0.25925925925925924,0.2962962962962963,97.20666666666666,42.33490740740741,20.854999999999997,43.0,5726.55,2499.59,102,12305.23,5393.84,845.77,12358.24,53.010000000000005,160.86990740740742,0.32960553011836685,0.2631623781581045,4572.17,-12801.78,0.06843773870712981,0.004289445746319865,43.65281166222365,0.2713547385321216,
IG_065,2025-05-14,Influencer Story May-14,Story,Influencer,Mid,Hoodies,15210.97,15,22142,29333,1868,101,45,193,61,0.0020323367356155,0.0087164664438623,0.0996748261223015,4.288888888888889,0,-2.8893882686376005,Standard,0.7028604314995852,43,88.04837209302326,0.11627906976744186,12.906976744186046,0.09302325581395349,0.2558139534883721,0.3023255813953488,153.2939534883721,49.907209302325576,34.19,50.0,3651.62,1173.13,41,6899.14,2297.08,860.7,7613.64,714.5,353.743488372093,0.2400649005290261,0.14108304730073098,2146.0099999999998,-13064.96,0.11304711018645484,0.09384473129803877,686.9736247854755,1.9420106584771024,
IG_066,2025-05-21,Paid Amplification Story May-21,Story,Paid Amplification,Brand,Hoodies,34752.75,10,409178,588931,31877,2618,1079,6963,1747,0.0026369941687969,0.0170170439270928,0.1039572020001075,6.453197405004634,0,-0.5894469536573042,Standard,0.6048078282747957,456,88.28817982456141,0.07017543859649122,8.508771929824562,0.21052631578947367,0.3706140350877193,0.4057017543859649,157.17528508771932,63.89133771929825,39.84,34.0,38408.43,15393.62,439,81377.68,32891.37,5953.61,86759.45,5381.7699999999995,76.21217105263158,1.1051910999848933,0.838335095783787,29134.45,-5618.299999999999,0.0686220348330931,0.062030937263894595,84.93308535649521,1.114429417026331,
IG_067,2025-05-26,Influencer Static Post May-26,Static Post,Influencer,Mid,T-shirts,14096.45,10,321773,392728,14849,1078,1626,836,1057,0.0050532518265982,0.0025981048751759,0.057148983911018,0.5141451414514145,0,0.1480734816867225,Standard,0.7731867475873048,65,55.023384615384614,0.1076923076923077,8.461538461538462,0.03076923076923077,0.09230769230769231,0.13846153846153847,73.50276923076923,30.228461538461538,18.59,68.5,3108.52,1252.35,58,5588.56,2120.75,517.32,5964.59,376.03,216.86846153846156,0.22051793181971346,0.1393861575077413,1964.85,-12131.6,0.08673186254210265,0.06304372974504534,43.80867878908423,0.20200576182588348,
IG_068,2025-05-27,UGC Reel May-27,Reel,UGC,Micro,Hoodies,3762.68,0,825337,1350394,40648,3035,2946,7679,7432,0.0035694510242482,0.0093040782128997,0.0658010000763324,2.606585200271555,0,0.2951423675646804,Standard,0.5557372474498138,453,98.8128697571744,0.11258278145695365,0.0,0.2737306843267108,0.5143487858719646,0.5960264900662252,208.7733333333333,85.73039735099339,67.46,34.0,42916.67,17961.44,436,109567.09,45462.56,9922.7,110357.52,790.43,8.306136865342163,11.405878256987041,10.321332135605475,38835.87,35073.19,0.08991412637761342,0.007162448014417141,4.558961975532419,0.5488667053579326,0.0
IG_069,2025-05-27,Discount Carousel May-27,Carousel,Discount,Brand,Hoodies,5204.81,30,66624,106694,4186,466,413,242,147,0.006198967339097,0.0036323246878001,0.0796559798270893,0.585956416464891,0,-0.6177259231647969,Standard,0.801616095271841,56,85.70678571428572,0.08928571428571429,23.035714285714285,0.05357142857142857,0.14285714285714285,0.16071428571428573,110.96107142857143,38.622321428571425,22.02,54.0,4637.79,1470.49,55,6683.1,2097.81,699.44,8200.53,1517.43,92.94303571428573,0.8910584632292052,0.41554831012083043,2162.85,-3041.9600000000005,0.08529204819688484,0.1850404790909856,78.1221481748319,0.8405379442843419,
IG_070,2025-05-28,Influencer Reel May-28,Reel,Influencer,Micro,Gymwear,4752.23,0,136503,219899,8687,666,1055,522,451,0.0077287678659077,0.0038240917782026,0.0800715002600675,0.4947867298578199,0,0.1638433960925168,Standard,0.6378446199143469,25,73.8592,0.12,0.0,0.24,0.44,0.48,129.4728,54.483999999999995,47.57,52.0,1906.39,790.83,26,3866.96,1635.74,363.78999999999996,3866.96,0.0,190.08919999999998,0.40115693053576956,0.286623332624894,1362.1,-3390.1299999999997,0.09407648385294907,0.0,34.8141066496707,0.1831461579598983,
IG_071,2025-05-30,Influencer Carousel May-30,Carousel,Influencer,Micro,Sneakers,5356.88,0,310118,408140,18709,2163,1974,1165,2433,0.0063653190076035,0.0037566345713567,0.0774253671183227,0.5901722391084093,0,0.4420266844783103,Standard,0.6366362680798285,177,154.72372881355935,0.1694915254237288,0.0,0.2542372881355932,0.5084745762711864,0.5706214689265536,283.2357627118644,88.19378531073446,67.72,35.5,26922.170000000002,6647.07,174,55500.15,17821.91,6807.86,55896.2,396.05,30.264858757062147,5.025718328579322,2.9140656501545674,15610.3,10253.419999999998,0.12179468371731889,0.007085454825193842,17.273682920694704,0.5707504885237232,0.0
IG_072,2025-06-03,Product Drop Reel Jun-03,Reel,Product Drop,Brand,Sneakers,6683.63,0,492942,608570,33618,2169,1851,6108,1774,0.003755005659895,0.012390910086785,0.088744720474214,3.299837925445705,0,0.0221524500436046,Standard,0.6220626272074251,233,148.4567381974249,0.18025751072961374,0.0,0.2875536480686695,0.4892703862660944,0.5536480686695279,274.68562231759654,81.01506437768239,67.39,33.0,33745.05,8687.6,227,70829.19,21183.26,9902.87,71351.16,521.97,28.68510729613734,5.048910547112872,2.824290093856183,18876.51,12192.879999999997,0.1387905956959915,0.0073155082552266845,13.558653959289328,0.47267224135902397,0.0
IG_073,2025-06-05,Paid Amplification Carousel Jun-05,Carousel,Paid Amplification,Brand,T-shirts,38852.08,15,1923216,2415340,104814,14797,21392,6957,7897,0.0111230355820667,0.0036173783911947,0.0769336361594329,0.325215033657442,1,2.4262682655885497,Viral,0.7476675972170278,556,53.6590107913669,0.08093525179856115,12.140287769784173,0.07194244604316546,0.1564748201438849,0.17446043165467626,75.85568345323742,28.239280575539567,16.465,48.0,28946.28,10935.31,529,47426.64,17937.35,3671.15,52316.26,4889.62,69.87784172661871,0.7450381034940728,0.4041235372726505,15701.039999999999,-23151.04,0.07017225619721287,0.09346272076788363,20.201620618796852,0.28909909235364095,
IG_074,2025-06-06,Discount Carousel Jun-06,Carousel,Discount,Brand,Gymwear,10143.1,25,431245,515338,32322,2471,915,5279,3038,0.0021217637305939,0.0122413013484214,0.0950434207932845,5.769398907103825,0,-0.8544542999618903,Standard,0.6336117774512061,918,56.132734204793024,0.10457516339869281,20.96949891067538,0.13725490196078433,0.25925925925925924,0.29193899782135074,94.24440087145969,30.602211328976036,18.035,41.5,49052.38,14076.77,869,98637.29,33107.85,9908.29,114788.45,16151.16,11.049128540305011,4.836034348473346,2.76964931825576,28092.83,17949.730000000003,0.0863178307573628,0.14070370320358885,23.520504585560413,2.128720332989368,0.0
IG_075,2025-06-06,Paid Amplification Reel Jun-06,Reel,Paid Amplification,Brand,Accessories,18813.02,10,603870,730716,30201,1360,4376,1635,1907,0.0072465928097106,0.0027075363902826,0.0622186894530279,0.3736288848263254,0,1.0643242615714674,Standard,0.679854742206706,138,47.91130434782609,0.07971014492753623,8.695652173913043,0.10869565217391304,0.2028985507246377,0.21739130434782608,69.035,27.310144927536232,16.57,39.0,6056.35,2373.57,128,10439.83,4155.7,920.3299999999999,11167.16,727.33,136.32623188405796,0.3219233275678227,0.2003293463781998,3768.8,-15044.220000000001,0.08241397096486483,0.06513115241475899,31.154089456339943,0.22852600725321676,
IG_076,2025-06-07,Organic Reel Jun-07,Reel,Organic,Brand,Hoodies,1828.18,0,338534,401383,16872,2455,4625,1009,1474,0.0136618478498466,0.002980498266053,0.0737326236064915,0.2181621621621621,0,1.5541610518049849,Standard,0.7426052642753582,45,112.12622222222222,0.15555555555555556,0.0,0.13333333333333333,0.26666666666666666,0.3111111111111111,168.5391111111111,61.45755555555556,47.62,42.0,4896.65,1654.49,44,8195.03,3055.69,1075.1599999999999,8264.619999999999,69.59,40.626222222222225,2.678428819919264,1.5127558555503287,2765.59,937.4100000000001,0.1300918856523349,0.008420229847228308,5.400284757217887,0.13292608718769755,12.0
IG_077,2025-06-08,UGC Story Jun-08,Story,UGC,Micro,Hoodies,4435.04,0,36874,60654,1387,172,161,249,199,0.004366220100884,0.0067527254976406,0.0533980582524271,1.546583850931677,0,-1.4949064828657652,Standard,0.5637082585310442,33,96.47393939393939,0.12121212121212122,0.0,0.3939393939393939,0.5757575757575758,0.6363636363636364,199.27060606060607,84.20818181818181,73.33,23.0,3146.27,1408.86,33,7828.61,3108.0499999999997,770.23,7949.06,120.45,134.39515151515153,0.7094118655074136,0.6265715754536598,2778.87,-1656.17,0.09689573358359353,0.015152735040369552,120.27553289580734,0.8949395237836959,
IG_078,2025-06-14,Organic Story Jun-14,Story,Organic,Brand,Sneakers,1809.19,0,184412,218902,7620,446,551,2512,1136,0.0029878749755981,0.0136216732099863,0.060348567338351,4.558983666061706,0,-0.947338823222732,Standard,0.6442214920471925,212,155.59212264150943,0.19811320754716982,0.0,0.2358490566037736,0.4481132075471698,0.5047169811320755,278.9295754716981,75.90641509433962,67.275,35.0,32597.44,7758.42,211,64489.46,17665.41,10193.77,64976.93,487.47,8.533915094339623,18.01769852807057,8.894676623240235,16092.16,14282.97,0.15688291213512243,0.007502201165859945,9.81058716352515,1.1495998091230506,0.0
IG_079,2025-06-18,Influencer Reel Jun-18,Reel,Influencer,Mid,Hoodies,14213.78,10,145614,177106,11799,362,473,1295,468,0.0032483140357383,0.0088933756369579,0.0956570110016894,2.7378435517970403,0,-0.989186137668594,Standard,0.6419864817216513,127,96.93141732283465,0.07086614173228346,8.818897637795276,0.15748031496062992,0.28346456692913385,0.33070866141732286,162.7763779527559,68.60385826771655,40.01,37.0,11598.07,4753.13,120,22295.59,9479.26,1283.92,23877.74,1582.15,111.91952755905513,0.8159736537360223,0.6129748736789229,8712.69,-5501.09,0.05377058297812105,0.06626045848560207,97.61272954523605,0.8721688848599722,
IG_080,2025-06-18,Influencer Carousel Jun-18,Carousel,Influencer,Micro,Accessories,6269.55,0,118933,185966,6752,709,617,2291,221,0.0051877948088419,0.0192629463647599,0.0871835403126129,3.713128038897893,0,-0.4778706419681549,Standard,0.5070091396155059,148,56.70945945945946,0.06756756756756757,0.0,0.25,0.41216216216216217,0.46621621621621623,125.09162162162163,51.65493243243243,33.795,33.0,8043.7,3379.2400000000002,146,21772.54,9078.19,1986.72,21977.48,204.94,42.361824324324324,1.2829788421816557,1.2193745962628897,7644.93,1375.38,0.09039798921441403,0.009324999954498878,52.714973976945004,1.2443981064969352,55.0
IG_081,2025-06-23,Organic Static Post Jun-23,Static Post,Organic,Brand,Limited Drops,3993.49,0,148060,213224,6466,267,1831,480,569,0.0123666081318384,0.0032419289477238,0.061083344590031,0.2621518296013108,0,0.8664860662913176,Standard,0.8332163537462713,26,108.59538461538462,0.11538461538461539,0.0,0.15384615384615385,0.23076923076923078,0.3076923076923077,143.5373076923077,62.235769230769236,59.225,54.0,2754.13,1151.66,26,4123.77,1835.63,223.79,4123.77,0.0,153.59576923076924,0.6896549133715122,0.40519194989845975,1618.13,-2375.3599999999997,0.054268303033389344,0.0,26.972105903012288,0.1756044846683777,
IG_082,2025-06-26,Organic Reel Jun-26,Reel,Organic,Brand,Hoodies,2324.92,0,120295,184918,9089,404,477,738,240,0.0039652520886154,0.0061349183257824,0.0890145060060684,1.5471698113207548,0,-0.8410978804891351,Standard,0.5783733155715379,51,93.01294117647059,0.0196078431372549,0.0,0.27450980392156865,0.43137254901960786,0.5098039215686274,190.51176470588237,87.2235294117647,67.65,31.5,4767.19,2392.83,49,11721.54,5218.06,687.0,11827.93,106.39,45.586666666666666,2.0504748550487757,1.913356158491475,4448.4,2123.4799999999996,0.058082859807252835,0.00899481143361518,19.32682156365601,0.4239577704809011,0.0
IG_083,2025-06-26,Influencer Reel Jun-26,Reel,Influencer,Mid,Hoodies,9905.57,0,410272,601235,25945,988,1795,3442,2884,0.0043751462444427,0.0083895561968645,0.078411395366976,1.9175487465181056,0,0.110916609845496,Standard,0.6007917356388305,218,102.06862385321101,0.0963302752293578,0.0,0.26605504587155965,0.44495412844036697,0.4908256880733945,193.55137614678898,81.94711009174313,57.985,31.0,21787.489999999998,9206.79,212,45416.27,19256.61,3673.58,45758.3,342.03,45.438394495412844,2.1995190584691238,1.8034772355351587,17864.47,7958.9000000000015,0.08028226573102584,0.007474709506253509,24.143909406442553,0.5313548085172763,9.0
IG_084,2025-06-27,UGC Reel Jun-27,Reel,UGC,Micro,Limited Drops,4955.61,0,74752,118936,2337,326,245,666,305,0.0032775042808219,0.0089094606164383,0.0478114297945205,2.7183673469387757,0,-1.4204778793734338,Standard,0.5695559549362146,50,116.53720000000001,0.06,0.0,0.28,0.52,0.54,220.82080000000002,96.0852,75.985,31.0,5675.87,2482.03,49,12403.74,5458.52,659.98,12562.01,158.26999999999998,99.11219999999999,1.145342349377776,0.969458855721092,4804.26,-151.34999999999945,0.05253777062747124,0.012599098392693525,66.29401220034246,0.6688784246575342,114.0
IG_085,2025-06-28,Discount Carousel Jun-28,Carousel,Discount,Brand,Accessories,9634.85,20,107464,157889,5263,450,589,664,502,0.0054809052333804,0.0061788133700588,0.0648217077346832,1.1273344651952462,0,-0.4695034201150568,Standard,0.7499869381679527,152,47.51868421052632,0.06578947368421052,16.57894736842105,0.09868421052631579,0.14473684210526316,0.14473684210526316,65.04644736842106,23.554802631578948,14.525,35.0,7033.7300000000005,2279.32,146,11537.83,4305.56,1029.17,13185.949999999999,1648.12,63.38717105263158,0.730030047172504,0.37160204881238423,3580.33,-6054.52,0.07805050072235979,0.12499061501067424,89.65653614233604,1.4144271570014144,
IG_086,2025-06-29,Paid Amplification Reel Jun-29,Reel,Paid Amplification,Brand,Hoodies,32797.91,15,650124,917365,26408,3180,1945,11316,1586,0.0029917369609489,0.0174059102571201,0.0659089650589733,5.817994858611825,0,-0.1072382517791947,Standard,0.6454293810227946,1000,85.25692,0.099,12.81,0.182,0.336,0.389,146.06397,53.73635,35.24,40.0,80811.36,29757.48,952,168906.58,62275.93,16063.3,185312.23,16405.65,32.79791,2.463917975261228,1.6384077522012834,53736.35,20938.439999999995,0.08668235226568693,0.0885297748561981,50.44869901741822,1.538168103315675,11.0
IG_087,2025-06-29,Discount Story Jun-29,Story,Discount,Brand,Gymwear,8082.52,20,67382,101502,4673,223,386,683,145,0.0057285328425989,0.0101362381644949,0.0885251254044106,1.7694300518134716,0,-0.7190963249038156,Standard,0.7157549095068956,102,54.973725490196074,0.09803921568627451,16.470588235294116,0.0784313725490196,0.18627450980392157,0.24509803921568626,78.3621568627451,27.620588235294118,20.91,53.0,5068.01,1560.78,93,9636.24,3329.22,955.18,11049.17,1412.93,79.24039215686275,0.6270334004741096,0.34856703107446685,2817.3,-5265.22,0.08644812234765145,0.12787657353448267,119.95072868125018,1.5137573832774331,
IG_088,2025-07-01,Product Drop Carousel Jul-01,Carousel,Product Drop,Brand,Sneakers,10597.58,0,730736,1003809,33980,1248,2770,15159,3002,0.0037906986928247,0.020744838081058,0.0727444658536051,5.4725631768953065,0,0.2971230104896686,Standard,0.6150590206626754,1256,152.3169904458599,0.16480891719745222,0.0,0.25,0.48009554140127386,0.553343949044586,282.7412898089172,85.65974522292994,67.525,37.0,183603.79,50907.8,1220,406779.13,124542.02,53729.09,409425.31,2646.18,8.437563694267515,17.32506760977506,10.152189462122486,107588.64000000001,96991.06000000001,0.13123050453329327,0.0064631568575963215,14.502611066103217,1.718815002955924,0.0
IG_089,2025-07-06,Product Drop Reel Jul-06,Reel,Product Drop,Brand,Limited Drops,7462.96,0,87194,115360,2955,479,239,2144,225,0.002741014289974,0.0245888478565038,0.0667133059614193,8.97071129707113,0,-1.5646858470950034,Standard,0.612326501995297,71,108.42901408450705,0.16901408450704225,0.0,0.2535211267605634,0.39436619718309857,0.4788732394366197,206.86408450704226,79.23915492957745,48.52,32.0,7650.64,2620.75,67,17884.68,6547.15,2098.09,17964.15,79.47,105.11211267605634,1.0251481985700044,0.7538536988004758,5625.98,-1836.9800000000005,0.11679316861638318,0.004423810756423209,85.59029291006262,0.8142762116659403,
IG_090,2025-07-08,Product Drop Static Post Jul-08,Static Post,Product Drop,Brand,Limited Drops,12897.71,0,640392,886191,21322,2516,2781,6241,2319,0.004342652625267,0.0097455933240889,0.051312321203263,2.2441567781373606,0,0.3968788469814708,Standard,0.6110030331253108,314,109.49503184713376,0.10191082802547771,0.0,0.25477707006369427,0.4299363057324841,0.49044585987261147,206.55694267515923,84.41738853503185,60.129999999999995,34.5,33838.46,13378.73,308,73689.08,30446.52,5583.46,74308.68000000001,619.6,41.075509554140126,2.6236021743394757,2.0551756862264696,26507.06,13609.350000000002,0.07513873211043447,0.00833819144681348,20.14033591924946,0.4903246761358668,0.0
IG_091,2025-07-11,Discount Story Jul-11,Story,Discount,Brand,T-shirts,7777.92,25,46035,56846,2987,263,166,610,122,0.0036059519930487,0.0132507874443358,0.0874551971326164,3.674698795180723,0,-1.611241196885252,Standard,0.6801198308645088,133,54.51210526315789,0.07518796992481203,21.05263157894737,0.12030075187969924,0.2556390977443609,0.3007518796992481,90.48556390977444,28.26345864661654,19.16,39.5,7255.7699999999995,1975.77,126,14060.619999999999,4588.66,1366.84,16334.539999999999,2273.92,58.4806015037594,0.9328676561342878,0.4832963054389862,3759.04,-4018.88,0.08367789971434764,0.13920930739402518,168.9566634082763,2.8891061149125665,
IG_092,2025-07-12,Paid Amplification Reel Jul-12,Reel,Paid Amplification,Brand,Hoodies,40513.39,10,947179,1466503,29649,2089,3310,12552,6581,0.0034945876122675,0.0132519829937107,0.0502544925510384,3.79214501510574,0,0.3575102075432287,Standard,0.6080464970748755,1217,92.07068200493016,0.10846343467543139,8.553820870994247,0.21035332785538208,0.37962202136400985,0.44124897288414133,171.90748562037797,66.36296631059983,46.24,35.0,107524.03,40394.99,1163,235367.94,90974.86,22145.53,250165.45,14797.51,33.289556285949054,2.654036850532626,1.9935070849415464,80763.73,40250.34,0.08852353512445463,0.05915089393839157,42.77268604983852,1.2848680133322212,0.0
IG_093,2025-07-12,UGC Reel Jul-12,Reel,UGC,Mid,Accessories,13550.1,10,265051,339358,21449,421,819,1843,1320,0.0030899713640016,0.0069533787837057,0.0925557722853337,2.2503052503052503,0,-0.6596279092616191,Standard,0.6175010450858702,151,51.29384105960265,0.039735099337748346,9.072847682119205,0.16556291390728478,0.2781456953642384,0.2913907284768212,92.43920529801325,39.04933774834437,18.24,35.0,7489.17,3251.92,144,15503.78,6529.96,799.32,16505.48,1001.6999999999999,89.73576158940398,0.5527021940797485,0.43515915011697326,5896.45,-7653.650000000001,0.048427552546184666,0.060688934826493984,51.1226141384111,0.5697016800540273,
IG_094,2025-07-14,Influencer Reel Jul-14,Reel,Influencer,Micro,T-shirts,4077.59,10,478578,587103,18819,1490,2194,2745,4182,0.0045844146617688,0.0057357421360781,0.0527562905106377,1.2511394712853237,0,0.2778448544486011,Standard,0.6086617359754394,242,54.780454545454546,0.06198347107438017,8.636363636363637,0.2024793388429752,0.3181818181818182,0.36363636363636365,103.54334710743802,44.17235537190082,26.759999999999998,33.0,13085.01,5545.61,235,28883.47,12130.23,1785.18,30652.1,1768.63,16.849545454545456,3.209005809804321,2.6215754894435186,10689.71,6612.119999999999,0.058240055330629883,0.057700124950655914,8.52022031936278,0.5056646983354856,0.0
IG_095,2025-07-14,Influencer Reel Jul-14,Reel,Influencer,Macro,Sneakers,33052.58,10,2518133,3206026,167188,11249,43156,5389,11115,0.0171380939767677,0.0021400775892297,0.0901390037777988,0.1248725553804801,1,3.2020515121126785,Viral,0.7203046934998144,401,140.09461346633418,0.14962593516209477,8.553615960099751,0.16708229426433915,0.27680798004987534,0.3117206982543641,199.99211970074813,52.895386533665835,47.92,33.0,53424.25,12906.11,386,87028.66,23671.29,11151.44,93634.34,6605.68,82.42538653366584,1.6163412962013857,0.6417365906080553,21211.05,-11841.530000000002,0.11909562239665492,0.07054762173792223,13.125827746191325,0.15924496442403954,
IG_096,2025-07-16,Organic Reel Jul-16,Reel,Organic,Brand,Gymwear,2909.47,0,165650,260241,9389,672,869,1232,1113,0.0052460006036824,0.0074373679444612,0.0734198611530335,1.4177215189873418,0,-0.2420386650893388,Standard,0.6713875978419165,93,76.28150537634409,0.053763440860215055,0.0,0.16129032258064516,0.3333333333333333,0.3870967741935484,127.67591397849463,50.373655913978496,39.33,39.0,6790.7699999999995,2602.72,87,13649.05,5518.81,1377.3,13786.01,136.96,31.284623655913975,2.3340230351232356,1.6101729868326535,4684.75,1775.2800000000002,0.09990562896733718,0.009934709172559718,17.56396015695744,0.5614246906127377,18.0
IG_097,2025-07-21,Organic Static Post Jul-21,Static Post,Organic,Brand,Hoodies,2131.98,0,283884,373336,16059,1921,980,1561,1385,0.003452114243846,0.0054987248312691,0.0722865677530258,1.5928571428571427,0,-0.4610418196875104,Standard,0.6758059934436508,85,99.37705882352941,0.10588235294117647,0.0,0.16470588235294117,0.35294117647058826,0.43529411764705883,169.32894117647058,77.10376470588236,50.06,44.0,8279.11,3643.81,86,15687.21,7236.2,807.54,15808.92,121.71000000000001,25.082117647058823,3.883296278576722,3.0740532275162056,6553.820000000001,4421.84,0.05108128828534776,0.007698818135584215,7.510039311831593,0.29941807217032307,0.0
IG_098,2025-07-22,Influencer Reel Jul-22,Reel,Influencer,Mid,Accessories,12227.69,15,41347,61732,1418,163,126,153,41,0.0030473794954893,0.0037003893873799,0.0449851258857958,1.2142857142857142,0,-1.914923319843229,Standard,0.7889479428652778,9,36.94555555555556,0.1111111111111111,13.333333333333334,0.0,0.1111111111111111,0.1111111111111111,46.82888888888889,13.42,15.82,33.0,332.51,74.14,9,421.46000000000004,120.78,82.59,474.51,53.05,1358.6322222222223,0.02719319838824831,0.00987758112938748,120.78,-12106.91,0.17405323386230007,0.11179954057870224,295.73342685079933,0.2176699639635282,
IG_099,2025-07-23,Influencer Reel Jul-23,Reel,Influencer,Micro,Hoodies,7095.33,10,183999,290388,14382,910,2086,501,541,0.0113370181359681,0.0027228408850048,0.0971690063532954,0.2401725790987535,0,0.8911318969056733,Standard,0.798343392489026,42,95.32047619047619,0.14285714285714285,9.047619047619047,0.047619047619047616,0.21428571428571427,0.2619047619047619,132.75714285714287,44.74785714285714,37.785,47.5,3861.1,1360.6,40,6417.05,2288.24,726.97,6840.5599999999995,423.51,168.93642857142856,0.544174830487095,0.2648798575964754,1879.41,-5215.92,0.10627346299133406,0.06191159788087525,38.561785661878595,0.22826211012016367,
IG_100,2025-07-24,Discount Story Jul-24,Story,Discount,Brand,Gymwear,7522.86,30,679689,808063,56810,3641,15719,1665,4545,0.0231267535593484,0.0024496497662901,0.1145156093448621,0.1059227686239582,0,2.744205018316761,Standard,0.6752478413815161,239,50.41443514644351,0.0794979079497908,25.355648535564853,0.08786610878661087,0.17573221757322174,0.18828451882845187,77.27849372384938,25.878200836820085,14.08,42.0,11359.869999999999,3215.22,227,20335.15,7023.71,1285.56,24861.0,4525.85,31.476401673640165,1.5100467109583322,0.8221460986911894,6184.89,-1337.9699999999993,0.05170990708338361,0.18204617674268936,11.068091435936141,0.3516314078939044,
IG_101,2025-07-27,Influencer Carousel Jul-27,Carousel,Influencer,Mid,Hoodies,10819.66,15,483498,740966,14824,793,1360,6927,1308,0.0028128347997302,0.0143268431306851,0.0494397081270243,5.093382352941177,0,-0.3893346835635469,Standard,0.6033537843926803,756,83.5540873015873,0.10582010582010581,13.095238095238095,0.22883597883597884,0.3558201058201058,0.41005291005291006,156.29170634920635,57.20398148148148,35.224999999999994,31.0,60758.07,20884.46,731,134167.31,49130.79,13294.14,146623.08,12455.77,14.311719576719577,5.615524887103661,3.997002678457548,43246.21,32426.55,0.09066880875780266,0.08495095042335764,22.37787953621318,1.5636052269089014,0.0
IG_102,2025-07-28,Organic Static Post Jul-28,Static Post,Organic,Brand,Sneakers,3217.23,0,109333,142551,4451,530,1612,414,332,0.0147439473900835,0.0037865969103564,0.06408861002625,0.2568238213399503,0,0.907354944279937,Standard,0.6599554821035079,15,128.45,0.06666666666666667,0.0,0.2,0.4666666666666667,0.6,265.8566666666667,88.33666666666666,67.06,41.0,1773.01,784.4,14,4173.08,1324.52,584.5,4173.08,0.0,214.482,0.5510983050636727,0.41186051354736836,1325.05,-1892.18,0.14006441285573246,0.0,29.4259738596764,0.13719554023030558,
IG_103,2025-07-29,Product Drop Story Jul-29,Story,Product Drop,Brand,Limited Drops,8429.49,0,198148,249331,16690,741,880,1747,842,0.0044411248157942,0.0088166421059006,0.1012273654036376,1.9852272727272728,0,-0.3526673315599583,Standard,0.5852261922278984,130,109.71846153846154,0.07692307692307693,0.0,0.2076923076923077,0.38461538461538464,0.4307692307692308,199.31900000000002,83.99492307692307,48.655,35.0,13602.19,5565.76,124,29337.260000000002,12159.47,2144.33,29576.14,238.88,64.84223076923077,1.613643292773347,1.295373741471904,10919.34,2489.8500000000004,0.0725020235906376,0.008076780810477635,42.54138320851081,0.6560752568786967,45.0
IG_104,2025-07-30,Influencer Reel Jul-30,Reel,Influencer,Micro,T-shirts,4529.69,15,284783,425594,17932,1207,970,8078,1965,0.0034061021900885,0.0283654572077687,0.0989771159093063,8.327835051546392,0,-0.4774525560719488,Standard,0.5588039927569859,242,52.4745867768595,0.09917355371900827,12.210743801652892,0.19834710743801653,0.3305785123966942,0.40082644628099173,105.45425619834711,37.89909090909091,25.395,35.0,12282.4,4041.54,226,28255.82,10294.94,2891.15,30698.61,2442.79,18.71772727272727,2.7115321357532194,2.024769906991428,9171.58,4641.89,0.09417853121037076,0.07957330967102419,15.905759824146806,0.8497698247437523,9.0
IG_105,2025-07-31,Paid Amplification Reel Jul-31,Reel,Paid Amplification,Brand,Sneakers,48861.0,0,289187,464115,11278,622,754,2294,989,0.0026073094572024,0.0079325834148837,0.0516897370905331,3.042440318302387,0,-0.8359902919190698,Standard,0.6426061446136563,193,148.86554404145076,0.17616580310880828,0.0,0.22797927461139897,0.44559585492227977,0.49222797927461137,247.93875647668395,70.68549222797927,66.77,33.0,28061.64,6786.4,191,51701.77,15109.81,7733.63,52031.4,329.63,253.1658031088083,0.5743157119174802,0.27920631996889134,13642.3,-35218.7,0.1486339018361989,0.0063352129675542075,168.95987717290194,0.6673882297613655,
IG_106,2025-08-03,Influencer Live Aug-03,Live,Influencer,Macro,Gymwear,37932.28,10,269706,349946,11372,1776,1429,1150,672,0.0052983619200166,0.0042639021749608,0.0583116430483563,0.8047585724282715,0,0.0959869930094754,Standard,0.6382788500791526,117,66.3908547008547,0.10256410256410256,8.290598290598291,0.1794871794871795,0.28205128205128205,0.3247863247863248,104.53888888888888,40.04871794871795,33.21,33.0,6910.76,2734.74,107,12824.09,4749.65,1391.6399999999999,13685.48,861.39,324.20752136752134,0.18218678128496363,0.12352803469762431,4685.7,-33246.58,0.10168733577485042,0.06294189169835475,140.64307060280453,0.4338056995394986,
IG_107,2025-08-04,Influencer Story Aug-04,Story,Influencer,Micro,Accessories,6842.35,0,81934,117527,5702,624,338,741,364,0.0041252715600361,0.0090438645739253,0.090377621012034,2.1923076923076925,0,-1.0420214456213197,Standard,0.519055060479567,98,60.16183673469387,0.07142857142857142,0.0,0.19387755102040816,0.42857142857142855,0.47959183673469385,123.97724489795918,54.156938775510206,32.665,36.0,5616.7,2559.81,95,13263.54,5742.86,852.51,13369.24,105.69999999999999,69.81989795918368,0.8208729456984807,0.7756662550147244,5307.38,-1534.9700000000003,0.06376652674347981,0.00790620858029327,83.5105084580272,1.1960846535015988,
IG_108,2025-08-08,Influencer Live Aug-08,Live,Influencer,Macro,Gymwear,33415.27,10,367820,476296,27030,604,3387,843,954,0.0092083084117231,0.0022918818987548,0.0866293295633734,0.2488928255093002,0,1.065035770268892,Standard,0.6533751229105211,86,69.31337209302325,0.13953488372093023,8.837209302325581,0.10465116279069768,0.2441860465116279,0.26744186046511625,109.73488372093024,34.09558139534884,24.875,44.0,5315.86,1765.2,82,10247.13,3315.17,1485.53,10996.46,749.33,388.54965116279067,0.15908475376676592,0.08775089951390488,2932.22,-30483.049999999996,0.1350916567695422,0.06814283869536197,90.8468000652493,0.23381001576858246,
IG_109,2025-08-14,Influencer Reel Aug-14,Reel,Influencer,Micro,Limited Drops,5616.12,15,499025,712179,32918,2699,2827,11462,2589,0.0056650468413406,0.0229687891388207,0.1000070136766695,4.054474708171206,0,0.5977164601362551,Standard,0.6027599444834769,735,101.46677551020409,0.10748299319727891,13.0,0.21224489795918366,0.3945578231292517,0.45714285714285713,193.5588707482993,66.94142857142857,43.15,36.0,71276.05,23158.3,703,161930.74,56946.87,16049.9,176571.91,14641.17,7.640979591836735,12.691333162396816,8.7608437853892,49201.950000000004,43585.83,0.09089724407466623,0.08291902149101746,11.25418566204098,1.4728721005961625,0.0
IG_110,2025-08-16,Influencer Story Aug-16,Story,Influencer,Nano,T-shirts,3552.33,10,9275,13550,808,59,50,48,27,0.0053908355795148,0.0051752021563342,0.1040431266846361,0.96,0,-2.1223307351194984,Standard,0.7161112014306616,5,61.510000000000005,0.0,10.0,0.0,0.0,0.0,61.510000000000005,30.25,26.2,,220.24,110.66999999999999,4,307.55,151.25,0.0,341.72,34.17,710.466,0.06199874448601341,0.042577688446737774,151.25,-3401.08,0.0,0.09999414725506262,383.00053908355795,0.5390835579514826,
IG_111,2025-08-27,Influencer Carousel Aug-27,Carousel,Influencer,Nano,Accessories,3640.69,10,4037,5874,240,13,9,20,5,0.0022293782511766,0.0049541738915035,0.0698538518702006,2.2222222222222223,0,-3.8940938157669858,Standard,0.2382717165325861,1,105.44,0.0,10.0,1.0,1.0,1.0,442.52,177.14,177.14,20.0,105.44,36.95,1,442.52,177.14,0.0,454.23,11.71,3640.69,0.02896154300421074,0.04865561198564008,177.14,-3463.55,0.0,0.0257798912445237,901.8305672529106,0.24770869457517958,
IG_112,2025-08-28,Influencer Reel Aug-28,Reel,Influencer,Macro,Hoodies,28715.94,0,333972,488191,16036,2210,1092,2371,1150,0.0032697351873809,0.0070993975542859,0.0650024552956535,2.171245421245421,0,-0.4278222232621048,Standard,0.6219981353589914,210,103.8397619047619,0.11904761904761904,0.0,0.2,0.36666666666666664,0.4238095238095238,179.58333333333334,74.60628571428572,48.53,35.0,20695.01,8446.85,195,41805.32,17603.27,3690.13,42009.64,204.32,136.7425714285714,0.7206802215076366,0.5455966268212011,15667.320000000002,-13048.619999999997,0.08784007670620363,0.004863645582299681,85.9830764255686,0.6287952283424958,
IG_113,2025-08-30,Influencer Carousel Aug-30,Carousel,Influencer,Nano,Gymwear,3396.16,15,2409,2933,141,13,7,8,4,0.0029057700290577,0.0033208800332088,0.0701535907015359,1.1428571428571428,0,-3.871990359456681,Standard,1.0,1,101.85,0.0,15.0,1.0,1.0,1.0,143.36,71.28,71.28,6.0,143.35999999999999,71.28,2,143.35999999999999,71.28,0.0,165.94,22.58,3396.16,0.042212381042118156,0.020988410440026382,71.28,-3324.8799999999997,0.0,0.13607327949861395,1409.7799916977997,0.41511000415110005,
IG_114,2025-09-03,Discount Carousel Sep-03,Carousel,Discount,Brand,Accessories,4252.66,20,87910,131581,4534,662,374,846,416,0.0042543510408372,0.0096234785576157,0.0729837333636673,2.2620320855614975,0,-0.9526702510314508,Standard,0.566973451270567,167,43.25311377245509,0.03592814371257485,17.365269461077844,0.19161676646706588,0.32934131736526945,0.3532934131736527,88.60455089820358,37.08880239520958,19.83,33.5,7058.57,2815.01,165,16124.97,6691.22,721.35,18212.76,2087.79,25.46502994011976,1.6598011597447244,1.4564601919739648,6193.830000000001,1941.170000000001,0.03960684706766026,0.11463336693614808,48.37515640996474,1.8996701171652828,35.0
IG_115,2025-09-06,Discount Reel Sep-06,Reel,Discount,Brand,T-shirts,11650.69,20,486160,723102,21130,3829,7042,1572,2338,0.0144849432285667,0.003233503373375,0.0690575119302287,0.2232320363533087,0,1.87567646225175,Standard,0.7758275007896793,126,58.61849206349206,0.06349206349206349,17.61904761904762,0.05555555555555555,0.14285714285714285,0.16666666666666666,75.5365873015873,26.873174603174604,14.885,49.0,7000.02,2447.23,121,10625.11,3883.92,825.11,12488.82,1863.71,92.46579365079366,0.600824500523145,0.29062828038511024,3386.02,-8264.67,0.06606789112181936,0.1492302715548787,23.964723547803192,0.25917393450715814,
IG_116,2025-09-07,Product Drop Reel Sep-07,Reel,Product Drop,Brand,Limited Drops,8184.42,0,138724,206878,4544,246,458,2815,697,0.0033015195640264,0.0202920907701623,0.0581226031544649,6.146288209606987,0,-0.9990199208852538,Standard,0.6103318400836935,129,120.65426356589147,0.10077519379844961,0.0,0.2713178294573643,0.4263565891472868,0.5503875968992248,219.83410852713178,81.97372093023256,60.25,37.0,14561.59,5596.85,122,31768.85,11997.95,3792.11,32002.79,233.94,63.445116279069765,1.779184108342436,1.2920414641477345,10574.61,2390.1900000000005,0.1184931063822873,0.007309987660450854,58.997866266831984,0.9299039820074393,48.0
IG_117,2025-09-10,Product Drop Story Sep-10,Story,Product Drop,Brand,Sneakers,9011.7,0,378704,449535,19364,1663,1859,3770,1293,0.004908847015083,0.0099550044361823,0.0703874265917444,2.027972027972028,0,0.2164585383893827,Standard,0.559803461502809,305,142.64288524590165,0.19344262295081968,0.0,0.28852459016393445,0.49836065573770494,0.5606557377049181,281.09281967213116,77.95734426229508,63.14,31.0,40643.17,8893.66,287,95390.13,26461.19,15778.32,96202.77,812.64,29.546557377049183,4.510044719642242,2.638457782660319,23776.989999999998,14765.289999999997,0.16401107785150051,0.008447158018422963,23.79615742109933,0.8053783429802696,0.0
IG_118,2025-09-12,UGC Reel Sep-12,Reel,UGC,Mid,T-shirts,14547.03,0,1197686,1644925,87053,6054,7420,5294,6655,0.0061952798980701,0.004420190266898,0.0883545436783931,0.713477088948787,0,1.3036656588050684,Standard,0.6144022495379362,439,61.4523006833713,0.09567198177676538,0.0,0.17084282460136674,0.32801822323462415,0.35990888382687924,111.42526195899772,46.44879271070615,32.54,36.5,26337.87,11113.63,426,54423.909999999996,22987.59,4336.91,54948.93,525.02,33.13674259681093,1.8105324592030123,1.4017308000327215,20391.02,5843.99,0.0789261956511255,0.009554690145922768,12.145946433372353,0.3665401449127735,36.0
IG_119,2025-09-14,Paid Amplification Reel Sep-14,Reel,Paid Amplification,Brand,Sneakers,29783.08,0,1181546,1600424,36753,2899,3627,21692,4573,0.0030697069771299,0.0183589974491048,0.054988125726802,5.9807003032809485,0,0.3257437207217092,Standard,0.6248001176522925,834,151.12755395683453,0.17865707434052758,0.0,0.2446043165467626,0.45323741007194246,0.5251798561151079,269.71291366906473,77.38491606714628,67.19,33.5,121208.33,30787.510000000002,802,243452.34,71107.52,35865.909999999996,245173.56,1721.22,35.71112709832134,4.069704342196979,2.166969299347146,64539.02,34755.939999999995,0.14628783788920793,0.007020414436205927,25.20687302906531,0.7058548714988668,0.0
IG_120,2025-09-20,Paid Amplification Reel Sep-20,Reel,Paid Amplification,Brand,Hoodies,22453.98,10,118048,140873,6652,435,268,1009,666,0.0022702629438872,0.0085473705611276,0.0708525345622119,3.764925373134328,0,-1.6231149292816105,Standard,0.6479623005012832,110,84.38527272727273,0.13636363636363635,8.363636363636363,0.16363636363636364,0.3181818181818182,0.39090909090909093,153.59809090909093,58.58763636363636,39.769999999999996,35.0,8973.28,3235.98,106,17740.34,6818.1900000000005,1738.6000000000001,18782.44,1042.1,204.1270909090909,0.39962982063758856,0.2870154867867523,6444.64,-16009.34,0.09256518322433083,0.05548267424253718,190.2105923014367,0.9318243426402819,
