campaign_id,campaign_date,campaign_name,content_type,campaign_type,creator_tier,featured_category,spend,discount_pct,reach,impressions,likes,comments,shares,saves,follower_gain,share_rate,save_rate,engagement_rate
IG_001,2025-01-08,Influencer Reel Jan-08,Reel,Influencer,Micro,Accessories,6998.22,10,231486,357286,10033,1316,2169,1783,996,0.009369897099608615,0.007702409648963652,0.06609902974693933
IG_002,2025-01-11,Paid Amplification Reel Jan-11,Reel,Paid Amplification,Brand,T-shirts,20246.9,15,591157,949739,33375,3232,4288,4606,1041,0.00725357223208048,0.007791500396679731,0.07696940068374392
IG_003,2025-01-11,Influencer Reel Jan-11,Reel,Influencer,Macro,Hoodies,24736.95,0,10191099,12976963,759994,66733,142638,30542,45336,0.013996331504580614,0.002996928986755992,0.09811571843233002
IG_004,2025-01-11,Influencer Reel Jan-11,Reel,Influencer,Nano,Hoodies,4848.22,0,10011,15199,442,67,26,153,23,0.0025971431425432026,0.015283188492658075,0.06872440315652782
IG_005,2025-01-16,UGC Carousel Jan-16,Carousel,UGC,Micro,T-shirts,7578.01,0,207362,308759,16544,1270,3679,1085,1278,0.017741919927469835,0.0052323955208765345,0.1088820516777423
IG_006,2025-01-22,Product Drop Reel Jan-22,Reel,Product Drop,Brand,Limited Drops,10751.22,0,2371617,3347644,148813,5142,8226,32397,8620,0.0034685195796791807,0.013660300124345541,0.08204444478176703
IG_007,2025-01-26,Organic Reel Jan-26,Reel,Organic,Brand,Sneakers,2985.24,0,72064,89666,5449,330,503,1176,257,0.00697990674955595,0.016318827708703375,0.10349134103019539
IG_008,2025-01-27,Organic Reel Jan-27,Reel,Organic,Brand,Hoodies,3987.28,0,1516158,2346430,88472,8220,23292,9563,14914,0.015362514988543411,0.006307390126886512,0.08544426108624563
IG_009,2025-01-27,Product Drop Reel Jan-27,Reel,Product Drop,Brand,Limited Drops,10697.7,0,568548,926911,34085,1760,2652,8406,1255,0.0046645138141370645,0.014785031343000063,0.08249611290515489
IG_010,2025-01-30,Paid Amplification Reel Jan-30,Reel,Paid Amplification,Brand,T-shirts,45202.63,15,2628990,3972188,176623,4670,58521,7156,14465,0.022259879269225062,0.002721957862144778,0.09394101917466403
IG_011,2025-01-31,Influencer Story Jan-31,Story,Influencer,Mid,T-shirts,10680.86,0,271555,436912,23266,801,928,3169,671,0.0034173556001546646,0.011669827475097126,0.10371379646848705
IG_012,2025-02-01,UGC Reel Feb-01,Reel,UGC,Mid,Hoodies,14599.93,0,347001,569807,20649,1546,1644,2725,1650,0.00473773850795819,0.007853003305465978,0.07655309350693514
IG_013,2025-02-03,Influencer Static Post Feb-03,Static Post,Influencer,Nano,Hoodies,4504.02,10,22715,30120,1401,95,146,109,73,0.006427470834250495,0.004798591239269206,0.07708562623816861
IG_014,2025-02-05,Paid Amplification Reel Feb-05,Reel,Paid Amplification,Brand,Gymwear,44278.17,0,2040744,2998081,134933,5404,9295,30120,10924,0.0045547114189726885,0.014759323070409615,0.08808160161196113
IG_015,2025-02-08,Influencer Story Feb-08,Story,Influencer,Nano,Hoodies,3820.67,10,38782,53789,2879,265,689,216,206,0.017765973905420042,0.005569594141612088,0.10440410499716363
IG_016,2025-02-11,Influencer Static Post Feb-11,Static Post,Influencer,Micro,Accessories,3682.64,15,155859,256125,5347,1171,1477,542,251,0.009476514028705432,0.0034775021012581884,0.054773866122585155
IG_017,2025-02-11,Product Drop Live Feb-11,Live,Product Drop,Brand,Limited Drops,10885.58,0,120538,144272,7345,338,206,1416,264,0.0017090046292455492,0.01174733279131892,0.07719557318024192
IG_018,2025-02-12,Paid Amplification Story Feb-12,Story,Paid Amplification,Brand,T-shirts,18001.64,10,310536,421145,18289,2342,3920,2880,1258,0.012623335136666924,0.009274287039183864,0.08833436380967102
IG_019,2025-02-14,Paid Amplification Story Feb-14,Story,Paid Amplification,Brand,T-shirts,28445.21,0,662215,1051444,56487,1070,8088,2736,2488,0.012213556020325726,0.004131588683433628,0.1032610254977613
IG_020,2025-02-16,Organic Carousel Feb-16,Carousel,Organic,Brand,Gymwear,1579.48,0,280311,362169,16709,2105,1174,1568,1739,0.004188205243461726,0.005593786900977843,0.07690030002390202
IG_021,2025-02-19,Paid Amplification Story Feb-19,Story,Paid Amplification,Brand,Gymwear,18487.75,15,575815,888998,33454,4426,2379,3251,4015,0.004131535302136971,0.005645910578918576,0.075562463638495
IG_022,2025-02-20,Paid Amplification Reel Feb-20,Reel,Paid Amplification,Brand,T-shirts,19030.26,0,340698,457009,29890,537,1197,3233,1335,0.003513375482098515,0.009489342467522557,0.1023105506929891
IG_023,2025-02-20,UGC Reel Feb-20,Reel,UGC,Nano,T-shirts,1799.98,10,11250,18449,641,72,16,112,37,0.0014222222222222223,0.009955555555555556,0.07475555555555556
IG_024,2025-02-21,Product Drop Reel Feb-21,Reel,Product Drop,Brand,Limited Drops,8911.83,0,127124,202351,5193,992,509,805,266,0.004003964632956798,0.0063323998615525,0.05898964790283503
IG_025,2025-02-23,Organic Story Feb-23,Story,Organic,Brand,T-shirts,2633.15,0,17501,22762,752,129,69,65,31,0.003942631849608594,0.003714073481515342,0.05799668590366265
IG_026,2025-02-27,Discount Reel Feb-27,Reel,Discount,Brand,Sneakers,8467.26,20,280650,430824,10022,2191,2098,3623,1182,0.007475503295920186,0.012909317655442723,0.06390165686798503
IG_027,2025-03-10,Product Drop Reel Mar-10,Reel,Product Drop,Brand,Limited Drops,6740.56,0,201719,265952,6058,1024,526,3439,498,0.0026075877830050716,0.017048468413981825,0.05476430083432894
IG_028,2025-03-14,Influencer Carousel Mar-14,Carousel,Influencer,Macro,T-shirts,33151.17,10,602087,874941,33666,1208,5640,1611,2048,0.009367417001197502,0.0026756930476824776,0.06996497183961786
IG_029,2025-03-15,Organic Reel Mar-15,Reel,Organic,Brand,Limited Drops,2412.7,0,18584,27490,1415,130,27,91,52,0.001452862677572105,0.004896685320705984,0.08948557899268188
IG_030,2025-03-16,Influencer Reel Mar-16,Reel,Influencer,Macro,Hoodies,38429.66,0,601069,940551,44483,3299,3415,2340,1430,0.0056815440490193304,0.003893063857893187,0.0890696409230887
IG_031,2025-03-16,Paid Amplification Reel Mar-16,Reel,Paid Amplification,Brand,T-shirts,46916.87,0,3702945,4303656,118231,20350,23544,60321,6879,0.006358182473679733,0.016290007007935575,0.060072725897900185
IG_032,2025-03-17,Influencer Reel Mar-17,Reel,Influencer,Mid,Sneakers,9792.12,15,229580,289288,14738,967,1332,928,416,0.005801899120132415,0.004042163951563725,0.07825158985974388
IG_033,2025-03-18,Influencer Reel Mar-18,Reel,Influencer,Mid,Hoodies,12039.6,0,626833,943984,24607,3270,8974,1699,3811,0.014316412824468399,0.002710450789923313,0.061499633873774995
IG_034,2025-03-20,Organic Reel Mar-20,Reel,Organic,Brand,Hoodies,4754.45,0,47253,67655,4085,118,101,431,128,0.0021374304276977124,0.009121114003343703,0.100205277971769
IG_035,2025-03-20,Influencer Reel Mar-20,Reel,Influencer,Nano,Hoodies,3367.88,0,75742,105872,3032,477,1281,210,189,0.016912677246441868,0.002772570040400306,0.06601357239048349
IG_036,2025-03-23,Influencer Reel Mar-23,Reel,Influencer,Micro,Limited Drops,4550.49,0,89702,105633,6063,178,1031,269,394,0.011493612182560032,0.002998818309513723,0.08406724487748322
IG_037,2025-03-24,Discount Reel Mar-24,Reel,Discount,Brand,Hoodies,7649.05,25,368991,488594,18292,2303,6170,954,1256,0.016721275044648785,0.0025854289129003147,0.0751210734137147
IG_038,2025-03-25,Paid Amplification Carousel Mar-25,Carousel,Paid Amplification,Brand,Hoodies,31227.49,15,4143880,6557897,283829,29083,63127,86250,36559,0.015233790553780515,0.020813826655212024,0.11155945635491375
IG_039,2025-03-26,Influencer Reel Mar-26,Reel,Influencer,Mid,Hoodies,9718.99,15,1683594,1962138,92152,7695,7366,27739,9426,0.004375164083502317,0.016476062518635728,0.08015709250567536
IG_040,2025-03-27,Product Drop Static Post Mar-27,Static Post,Product Drop,Brand,Limited Drops,5138.23,0,197010,265612,14889,948,346,3213,731,0.0017562560276128114,0.016308816811329375,0.09845185523577483
IG_041,2025-03-29,Organic Static Post Mar-29,Static Post,Organic,Brand,Sneakers,3801.34,0,56862,92262,2492,200,281,316,171,0.004941788892406177,0.005557314199289508,0.05784179240969364
IG_042,2025-04-01,Paid Amplification Reel Apr-01,Reel,Paid Amplification,Brand,Hoodies,50467.47,0,1231510,1447566,103874,9607,12056,11865,4401,0.009789607879757372,0.009634513727050532,0.11157197261897996
IG_043,2025-04-02,UGC Reel Apr-02,Reel,UGC,Mid,Accessories,13922.45,0,650425,991802,39033,4075,4893,2574,6674,0.007522773571126571,0.003957412461083138,0.07775685128954145
IG_044,2025-04-06,Influencer Reel Apr-06,Reel,Influencer,Micro,Accessories,4556.27,0,127729,163340,9626,497,406,1302,582,0.003178604702142818,0.010193456458595934,0.09262579367254108
IG_045,2025-04-10,Influencer Story Apr-10,Story,Influencer,Micro,Gymwear,4521.98,10,37220,58930,3014,98,69,395,73,0.0018538420204191296,0.01061257388500806,0.09607737775389576
IG_046,2025-04-11,Influencer Carousel Apr-11,Carousel,Influencer,Mid,Hoodies,12174.2,15,798549,1216217,71813,2337,5857,7826,4645,0.007334553045586433,0.009800275249233296,0.10999074571504065
IG_047,2025-04-24,Influencer Story Apr-24,Story,Influencer,Mega,Gymwear,79327.19,10,1164903,1855518,50599,5260,2324,10545,5577,0.001995015894027228,0.009052255853062444,0.058998903771386974
IG_048,2025-04-24,Discount Reel Apr-24,Reel,Discount,Brand,Sneakers,11922.41,25,3386549,4260151,159890,25828,145458,10977,27506,0.04295168916794058,0.003241352775347411,0.1010329394318523
IG_049,2025-04-28,Influencer Carousel Apr-28,Carousel,Influencer,Nano,Hoodies,2499.25,0,30733,43507,1383,192,761,72,87,0.024761656850941983,0.0023427585982494386,0.0783522597858979
IG_050,2025-04-30,UGC Reel Apr-30,Reel,UGC,Mid,Gymwear,8859.88,10,1168143,1798513,53468,3386,13670,9457,11885,0.011702334388854789,0.008095755399809784,0.06846850085991184
IG_051,2025-04-30,Discount Story Apr-30,Story,Discount,Brand,Gymwear,15152.08,25,327671,417075,21281,2322,5473,1201,1493,0.016702729261973137,0.0036652618022345583,0.09240060914759012
IG_052,2025-05-02,Discount Reel May-02,Reel,Discount,Brand,Hoodies,5899.65,20,841584,1064917,75415,3331,4422,13145,8146,0.005254377459647522,0.01561935588129052,0.11444252742447575
IG_053,2025-05-02,Influencer Carousel May-02,Carousel,Influencer,Mid,Limited Drops,11853.16,0,171557,199622,15340,1207,220,2704,398,0.0012823726225103028,0.01576152532394481,0.11349580605862775
IG_054,2025-05-02,Organic Static Post May-02,Static Post,Organic,Brand,T-shirts,1371.66,0,77749,126673,4789,238,236,691,244,0.0030354088155474667,0.008887574116708897,0.07657976308376957
IG_055,2025-05-04,Discount Reel May-04,Reel,Discount,Brand,Sneakers,14541.8,20,658244,990662,44985,3634,3758,4158,3072,0.005709129137523471,0.006316806533747364,0.08588760398879443
IG_056,2025-05-04,Organic Carousel May-04,Carousel,Organic,Brand,Limited Drops,4845.46,0,314842,462118,25690,2368,886,8731,1223,0.002814109934506832,0.027731370020518228,0.1196631961428272
IG_057,2025-05-06,Influencer Reel May-06,Reel,Influencer,Mega,T-shirts,83249.44,0,2980958,4537010,256290,9468,28764,23298,10492,0.00964924698704242,0.007815608270898148,0.10661673193651168
IG_058,2025-05-07,Influencer Story May-07,Story,Influencer,Micro,Gymwear,6026.26,0,9742,13792,411,58,20,67,10,0.0020529665366454527,0.006877437897762267,0.057072469718743586
IG_059,2025-05-09,Paid Amplification Reel May-09,Reel,Paid Amplification,Brand,T-shirts,41874.82,10,551477,765486,34033,4366,1946,2795,1556,0.0035287056395824305,0.0050682077403046725,0.07822629048899592
IG_060,2025-05-11,Product Drop Static Post May-11,Static Post,Product Drop,Brand,Sneakers,10480.18,0,75077,103213,6003,186,124,538,204,0.0016516376520106025,0.007165976264368582,0.09125298027358579
IG_061,2025-05-12,Product Drop Reel May-12,Reel,Product Drop,Brand,Limited Drops,4635.94,0,51200,75275,2467,106,78,679,98,0.0015234375,0.01326171875,0.0650390625
IG_062,2025-05-13,UGC Live May-13,Live,UGC,Nano,Hoodies,4580.02,0,17072,21353,962,100,129,117,142,0.007556232427366448,0.006853327085285848,0.07661668228678538
IG_063,2025-05-14,Discount Story May-14,Story,Discount,Brand,T-shirts,10648.46,20,276213,440291,24620,1024,4989,844,1163,0.018062147690369387,0.0030556128784669802,0.11395915471031415
IG_064,2025-05-14,Paid Amplification Carousel May-14,Carousel,Paid Amplification,Brand,T-shirts,17373.95,0,398003,619243,35463,781,4195,2896,1840,0.010540121556872686,0.007276327062861335,0.1088810888360138
IG_065,2025-05-14,Influencer Story May-14,Story,Influencer,Mid,Hoodies,15210.97,15,22142,29333,1868,101,45,193,61,0.0020323367356155724,0.008716466443862344,0.09967482612230151
IG_066,2025-05-21,Paid Amplification Story May-21,Story,Paid Amplification,Brand,Hoodies,34752.75,10,409178,588931,31877,2618,1079,6963,1747,0.002636994168796954,0.017017043927092853,0.10395720200010754
IG_067,2025-05-26,Influencer Static Post May-26,Static Post,Influencer,Mid,T-shirts,14096.45,10,321773,392728,14849,1078,1626,836,1057,0.005053251826598254,0.002598104875175978,0.05714898391101802
IG_068,2025-05-27,UGC Reel May-27,Reel,UGC,Micro,Hoodies,3762.68,0,825337,1350394,40648,3035,2946,7679,7432,0.003569451024248277,0.0093040782128997,0.06580100007633245
IG_069,2025-05-27,Discount Carousel May-27,Carousel,Discount,Brand,Hoodies,5204.81,30,66624,106694,4186,466,413,242,147,0.006198967339097022,0.003632324687800192,0.07965597982708934
IG_070,2025-05-28,Influencer Reel May-28,Reel,Influencer,Micro,Gymwear,4752.23,0,136503,219899,8687,666,1055,522,451,0.007728767865907709,0.0038240917782026767,0.08007150026006754
IG_071,2025-05-30,Influencer Carousel May-30,Carousel,Influencer,Micro,Sneakers,5356.88,0,310118,408140,18709,2163,1974,1165,2433,0.006365319007603557,0.0037566345713567094,0.07742536711832271
IG_072,2025-06-03,Product Drop Reel Jun-03,Reel,Product Drop,Brand,Sneakers,6683.63,0,492942,608570,33618,2169,1851,6108,1774,0.0037550056598950787,0.012390910086785058,0.088744720474214
IG_073,2025-06-05,Paid Amplification Carousel Jun-05,Carousel,Paid Amplification,Brand,T-shirts,38852.08,15,1923216,2415340,104814,14797,21392,6957,7897,0.011123035582066705,0.003617378391194749,0.07693363615943295
IG_074,2025-06-06,Discount Carousel Jun-06,Carousel,Discount,Brand,Gymwear,10143.1,25,431245,515338,32322,2471,915,5279,3038,0.0021217637305939777,0.01224130134842143,0.09504342079328457
IG_075,2025-06-06,Paid Amplification Reel Jun-06,Reel,Paid Amplification,Brand,Accessories,18813.02,10,603870,730716,30201,1360,4376,1635,1907,0.007246592809710699,0.002707536390282677,0.06221868945302797
IG_076,2025-06-07,Organic Reel Jun-07,Reel,Organic,Brand,Hoodies,1828.18,0,338534,401383,16872,2455,4625,1009,1474,0.013661847849846693,0.0029804982660530405,0.07373262360649152
IG_077,2025-06-08,UGC Story Jun-08,Story,UGC,Micro,Hoodies,4435.04,0,36874,60654,1387,172,161,249,199,0.0043662201008840915,0.006752725497640614,0.05339805825242718
IG_078,2025-06-14,Organic Story Jun-14,Story,Organic,Brand,Sneakers,1809.19,0,184412,218902,7620,446,551,2512,1136,0.0029878749755981172,0.013621673209986335,0.06034856733835108
IG_079,2025-06-18,Influencer Reel Jun-18,Reel,Influencer,Mid,Hoodies,14213.78,10,145614,177106,11799,362,473,1295,468,0.003248314035738322,0.008893375636957985,0.0956570110016894
IG_080,2025-06-18,Influencer Carousel Jun-18,Carousel,Influencer,Micro,Accessories,6269.55,0,118933,185966,6752,709,617,2291,221,0.005187794808841953,0.019262946364759993,0.08718354031261298
IG_081,2025-06-23,Organic Static Post Jun-23,Static Post,Organic,Brand,Limited Drops,3993.49,0,148060,213224,6466,267,1831,480,569,0.012366608131838444,0.0032419289477238957,0.06108334459003107
IG_082,2025-06-26,Organic Reel Jun-26,Reel,Organic,Brand,Hoodies,2324.92,0,120295,184918,9089,404,477,738,240,0.003965252088615487,0.006134918325782452,0.08901450600606842
IG_083,2025-06-26,Influencer Reel Jun-26,Reel,Influencer,Mid,Hoodies,9905.57,0,410272,601235,25945,988,1795,3442,2884,0.004375146244442711,0.008389556196864519,0.07841139536697606
IG_084,2025-06-27,UGC Reel Jun-27,Reel,UGC,Micro,Limited Drops,4955.61,0,74752,118936,2337,326,245,666,305,0.003277504280821918,0.008909460616438356,0.04781142979452055
IG_085,2025-06-28,Discount Carousel Jun-28,Carousel,Discount,Brand,Accessories,9634.85,20,107464,157889,5263,450,589,664,502,0.005480905233380481,0.00617881337005881,0.06482170773468324
IG_086,2025-06-29,Paid Amplification Reel Jun-29,Reel,Paid Amplification,Brand,Hoodies,32797.91,15,650124,917365,26408,3180,1945,11316,1586,0.0029917369609489884,0.01740591025712018,0.06590896505897337
IG_087,2025-06-29,Discount Story Jun-29,Story,Discount,Brand,Gymwear,8082.52,20,67382,101502,4673,223,386,683,145,0.005728532842598914,0.010136238164494969,0.08852512540441067
IG_088,2025-07-01,Product Drop Carousel Jul-01,Carousel,Product Drop,Brand,Sneakers,10597.58,0,730736,1003809,33980,1248,2770,15159,3002,0.0037906986928247684,0.020744838081058002,0.07274446585360514
IG_089,2025-07-06,Product Drop Reel Jul-06,Reel,Product Drop,Brand,Limited Drops,7462.96,0,87194,115360,2955,479,239,2144,225,0.0027410142899740807,0.02458884785650389,0.06671330596141936
IG_090,2025-07-08,Product Drop Static Post Jul-08,Static Post,Product Drop,Brand,Limited Drops,12897.71,0,640392,886191,21322,2516,2781,6241,2319,0.004342652625267024,0.009745593324088996,0.051312321203263005
IG_091,2025-07-11,Discount Story Jul-11,Story,Discount,Brand,T-shirts,7777.92,25,46035,56846,2987,263,166,610,122,0.0036059519930487674,0.013250787444335832,0.08745519713261649
IG_092,2025-07-12,Paid Amplification Reel Jul-12,Reel,Paid Amplification,Brand,Hoodies,40513.39,10,947179,1466503,29649,2089,3310,12552,6581,0.003494587612267586,0.013251982993710798,0.0502544925510384
IG_093,2025-07-12,UGC Reel Jul-12,Reel,UGC,Mid,Accessories,13550.1,10,265051,339358,21449,421,819,1843,1320,0.003089971364001645,0.006953378783705777,0.09255577228533376
IG_094,2025-07-14,Influencer Reel Jul-14,Reel,Influencer,Micro,T-shirts,4077.59,10,478578,587103,18819,1490,2194,2745,4182,0.004584414661768823,0.005735742136078132,0.052756290510637766
IG_095,2025-07-14,Influencer Reel Jul-14,Reel,Influencer,Macro,Sneakers,33052.58,10,2518133,3206026,167188,11249,43156,5389,11115,0.01713809397676771,0.0021400775892297984,0.09013900377779886
IG_096,2025-07-16,Organic Reel Jul-16,Reel,Organic,Brand,Gymwear,2909.47,0,165650,260241,9389,672,869,1232,1113,0.005246000603682463,0.0074373679444612135,0.0734198611530335
IG_097,2025-07-21,Organic Static Post Jul-21,Static Post,Organic,Brand,Hoodies,2131.98,0,283884,373336,16059,1921,980,1561,1385,0.003452114243846078,0.00549872483126911,0.07228656775302589
IG_098,2025-07-22,Influencer Reel Jul-22,Reel,Influencer,Mid,Accessories,12227.69,15,41347,61732,1418,163,126,153,41,0.0030473794954893945,0.0037003893873799793,0.044985125885795826
IG_099,2025-07-23,Influencer Reel Jul-23,Reel,Influencer,Micro,Hoodies,7095.33,10,183999,290388,14382,910,2086,501,541,0.01133701813596813,0.0027228408850048097,0.0971690063532954
IG_100,2025-07-24,Discount Story Jul-24,Story,Discount,Brand,Gymwear,7522.86,30,679689,808063,56810,3641,15719,1665,4545,0.023126753559348467,0.002449649766290171,0.11451560934486213
IG_101,2025-07-27,Influencer Carousel Jul-27,Carousel,Influencer,Mid,Hoodies,10819.66,15,483498,740966,14824,793,1360,6927,1308,0.0028128347997302986,0.014326843130685132,0.049439708127024314
IG_102,2025-07-28,Organic Static Post Jul-28,Static Post,Organic,Brand,Sneakers,3217.23,0,109333,142551,4451,530,1612,414,332,0.014743947390083506,0.003786596910356434,0.06408861002625008
IG_103,2025-07-29,Product Drop Story Jul-29,Story,Product Drop,Brand,Limited Drops,8429.49,0,198148,249331,16690,741,880,1747,842,0.0044411248157942545,0.00881664210590064,0.10122736540363768
IG_104,2025-07-30,Influencer Reel Jul-30,Reel,Influencer,Micro,T-shirts,4529.69,15,284783,425594,17932,1207,970,8078,1965,0.0034061021900885936,0.028365457207768723,0.09897711590930638
IG_105,2025-07-31,Paid Amplification Reel Jul-31,Reel,Paid Amplification,Brand,Sneakers,48861.0,0,289187,464115,11278,622,754,2294,989,0.002607309457202433,0.007932583414883796,0.051689737090533115
IG_106,2025-08-03,Influencer Live Aug-03,Live,Influencer,Macro,Gymwear,37932.28,10,269706,349946,11372,1776,1429,1150,672,0.00529836192001661,0.004263902174960883,0.05831164304835636
IG_107,2025-08-04,Influencer Story Aug-04,Story,Influencer,Micro,Accessories,6842.35,0,81934,117527,5702,624,338,741,364,0.004125271560036127,0.009043864573925354,0.09037762101203407
IG_108,2025-08-08,Influencer Live Aug-08,Live,Influencer,Macro,Gymwear,33415.27,10,367820,476296,27030,604,3387,843,954,0.009208308411723126,0.0022918818987548257,0.0866293295633734
IG_109,2025-08-14,Influencer Reel Aug-14,Reel,Influencer,Micro,Limited Drops,5616.12,15,499025,712179,32918,2699,2827,11462,2589,0.005665046841340614,0.0229687891388207,0.1000070136766695
IG_110,2025-08-16,Influencer Story Aug-16,Story,Influencer,Nano,T-shirts,3552.33,10,9275,13550,808,59,50,48,27,0.005390835579514825,0.005175202156334231,0.10404312668463613
IG_111,2025-08-27,Influencer Carousel Aug-27,Carousel,Influencer,Nano,Accessories,3640.69,10,4037,5874,240,13,9,20,5,0.002229378251176616,0.0049541738915035915,0.06985385187020064
IG_112,2025-08-28,Influencer Reel Aug-28,Reel,Influencer,Macro,Hoodies,28715.94,0,333972,488191,16036,2210,1092,2371,1150,0.003269735187380978,0.007099397554285988,0.06500245529565353
IG_113,2025-08-30,Influencer Carousel Aug-30,Carousel,Influencer,Nano,Gymwear,3396.16,15,2409,2933,141,13,7,8,4,0.0029057700290577005,0.0033208800332088003,0.0701535907015359
IG_114,2025-09-03,Discount Carousel Sep-03,Carousel,Discount,Brand,Accessories,4252.66,20,87910,131581,4534,662,374,846,416,0.00425435104083722,0.009623478557615743,0.07298373336366738
IG_115,2025-09-06,Discount Reel Sep-06,Reel,Discount,Brand,T-shirts,11650.69,20,486160,723102,21130,3829,7042,1572,2338,0.014484943228566726,0.0032335033733750206,0.06905751193022873
IG_116,2025-09-07,Product Drop Reel Sep-07,Reel,Product Drop,Brand,Limited Drops,8184.42,0,138724,206878,4544,246,458,2815,697,0.003301519564026412,0.020292090770162335,0.05812260315446498
IG_117,2025-09-10,Product Drop Story Sep-10,Story,Product Drop,Brand,Sneakers,9011.7,0,378704,449535,19364,1663,1859,3770,1293,0.00490884701508302,0.009955004436182349,0.07038742659174448
IG_118,2025-09-12,UGC Reel Sep-12,Reel,UGC,Mid,T-shirts,14547.03,0,1197686,1644925,87053,6054,7420,5294,6655,0.006195279898070112,0.004420190266898002,0.08835454367839317
IG_119,2025-09-14,Paid Amplification Reel Sep-14,Reel,Paid Amplification,Brand,Sneakers,29783.08,0,1181546,1600424,36753,2899,3627,21692,4573,0.0030697069771299635,0.018358997449104818,0.054988125726802006
IG_120,2025-09-20,Paid Amplification Reel Sep-20,Reel,Paid Amplification,Brand,Hoodies,22453.98,10,118048,140873,6652,435,268,1009,666,0.002270262943887232,0.008547370561127678,0.07085253456221198
