,0
first_order_value,0.04631500830765781
orders_7d,0.03245381934565433
save_rate,0.013770702065422469
first_order_refunded_7d,0.006167594211673705
save_to_share_ratio,0.00604131502982358
first_order_late,0.0055192324048265184
used_discount,0.004028397659883234
first_order_discount_pct,0.003977734110402267
creator_tier,0.003331517562520425
product_views_7d,0.00320833919746312
sessions_7d,0.002130197854892976
age_group,0.0018955736030126513
first_order_category,0.001622568833070659
add_to_cart_7d,0.0005193425154637055
acq_lag_days,0.00044030332822699025
region,0.0002556212113087736
first_order_quantity,8.235516274612831e-05
is_viral,0.0
campaign_discount_pct,-1.1827401196512488e-05
content_type,-2.088938006923613e-05
campaign_type,-0.00018899794763856115
share_rate,-0.00029097685094707504
acquisition_device,-0.0003100120691381242
virality_score,-0.0003310406695535978
log_reach,-0.0014127764283247413
