campaign_id,campaign_date,campaign_type,content_type,creator_tier,discount_pct,is_viral,reach,share_rate_pct,save_rate_pct,engagement_rate_pct,spend,new_customers,cac,roas_7d,avg_first_order_value,repeat_90d_pct,revenue_90d_per_customer,cm_ltv_90d_per_customer,ltv_to_cac,profit_90d,refund_rate_pct,discount_rate_pct
IG_039,2025-03-26,Influencer,Reel,Mid,15,0,1683594,0.438,1.648,8.02,9718.99,1793,5.42,16.92,95.06,42.0,168.47,63.7,11.75,104494.55,7.7,8.8
IG_068,2025-05-27,UGC,Reel,Micro,0,0,825337,0.357,0.93,6.58,3762.68,453,8.31,11.41,98.81,59.6,208.77,85.73,10.32,35073.19,9.0,0.7
IG_088,2025-07-01,Product Drop,Carousel,Brand,0,0,730736,0.379,2.074,7.27,10597.58,1256,8.44,17.33,152.32,55.3,282.74,85.66,10.15,96991.06,13.1,0.6
IG_078,2025-06-14,Organic,Story,Brand,0,0,184412,0.299,1.362,6.03,1809.19,212,8.53,18.02,155.59,50.5,278.93,75.91,8.89,14282.97,15.7,0.8
IG_052,2025-05-02,Discount,Reel,Brand,20,0,841584,0.525,1.562,11.44,5899.65,1041,5.67,14.41,85.06,35.5,142.64,50.2,8.86,46354.9,7.8,11.7
IG_109,2025-08-14,Influencer,Reel,Micro,15,0,499025,0.567,2.297,10.0,5616.12,735,7.64,12.69,101.47,45.7,193.56,66.94,8.76,43585.83,9.1,8.3
IG_038,2025-03-25,Paid Amplification,Carousel,Brand,15,1,4143880,1.523,2.081,11.16,31227.49,4535,6.89,13.24,94.02,42.0,165.12,60.28,8.75,242144.06,9.0,8.9
IG_008,2025-01-27,Organic,Reel,Brand,0,1,1516158,1.536,0.631,8.54,3987.28,389,10.25,10.53,113.97,47.0,199.56,81.73,7.97,27805.49,9.4,0.7
IG_006,2025-01-22,Product Drop,Reel,Brand,0,0,2371617,0.347,1.366,8.2,10751.22,1189,9.04,8.67,82.28,49.5,174.03,66.86,7.39,68742.82,8.7,1.1
IG_056,2025-05-04,Organic,Carousel,Brand,0,0,314842,0.281,2.773,11.97,4845.46,341,14.21,7.92,119.5,53.7,232.27,91.78,6.46,26452.27,10.1,0.9
IG_020,2025-02-16,Organic,Carousel,Brand,0,0,280311,0.419,0.559,7.69,1579.48,175,9.03,8.94,81.39,39.4,144.61,50.15,5.56,7197.53,13.9,0.7
IG_046,2025-04-11,Influencer,Carousel,Mid,15,0,798549,0.733,0.98,11.0,12174.2,832,14.63,5.9,90.06,41.8,159.94,60.29,4.12,37985.73,8.3,8.6
IG_101,2025-07-27,Influencer,Carousel,Mid,15,0,483498,0.281,1.433,4.94,10819.66,756,14.31,5.62,83.55,41.0,156.29,57.2,4.0,32426.55,9.1,8.5
IG_097,2025-07-21,Organic,Static Post,Brand,0,0,283884,0.345,0.55,7.23,2131.98,85,25.08,3.88,99.38,43.5,169.33,77.1,3.07,4421.84,5.1,0.8
IG_003,2025-01-11,Influencer,Reel,Macro,0,1,10191099,1.4,0.3,9.81,24736.95,1059,23.36,4.29,105.38,32.7,163.34,69.13,2.96,48468.61,8.8,0.9
IG_071,2025-05-30,Influencer,Carousel,Micro,0,0,310118,0.637,0.376,7.74,5356.88,177,30.26,5.03,154.72,57.1,283.24,88.19,2.91,10253.42,12.2,0.7
IG_050,2025-04-30,UGC,Reel,Mid,10,0,1168143,1.17,0.81,6.85,8859.88,517,17.14,3.81,66.93,38.7,116.77,48.7,2.84,16316.22,6.1,5.7
IG_072,2025-06-03,Product Drop,Reel,Brand,0,0,492942,0.376,1.239,8.87,6683.63,233,28.69,5.05,148.46,55.4,274.69,81.02,2.82,12192.88,13.9,0.7
IG_074,2025-06-06,Discount,Carousel,Brand,25,0,431245,0.212,1.224,9.5,10143.1,918,11.05,4.84,56.13,29.2,94.24,30.6,2.77,17949.73,8.6,14.1
IG_009,2025-01-27,Product Drop,Reel,Brand,0,0,568548,0.466,1.479,8.25,10697.7,325,32.92,3.34,112.28,54.5,220.84,87.6,2.66,17773.52,8.2,0.6
IG_117,2025-09-10,Product Drop,Story,Brand,0,0,378704,0.491,0.996,7.04,9011.7,305,29.55,4.51,142.64,56.1,281.09,77.96,2.64,14765.29,16.4,0.8
IG_094,2025-07-14,Influencer,Reel,Micro,10,0,478578,0.458,0.574,5.28,4077.59,242,16.85,3.21,54.78,36.4,103.54,44.17,2.62,6612.12,5.8,5.8
IG_053,2025-05-02,Influencer,Carousel,Mid,0,0,171557,0.128,1.576,11.35,11853.16,299,39.64,2.76,113.81,58.5,240.66,98.8,2.49,17689.4,6.9,0.8
IG_040,2025-03-27,Product Drop,Static Post,Brand,0,0,197010,0.176,1.631,9.85,5138.23,172,29.87,3.33,102.99,52.3,200.95,74.24,2.49,7631.79,10.5,0.7
IG_031,2025-03-16,Paid Amplification,Reel,Brand,0,0,3702945,0.636,1.629,6.01,46916.87,2169,21.63,2.79,62.69,46.1,126.27,51.22,2.37,64180.04,8.5,0.9
IG_011,2025-01-31,Influencer,Story,Mid,0,0,271555,0.342,1.167,10.37,10680.86,457,23.37,2.56,62.03,49.0,128.86,54.9,2.35,14410.38,7.9,1.1
IG_119,2025-09-14,Paid Amplification,Reel,Brand,0,0,1181546,0.307,1.836,5.5,29783.08,834,35.71,4.07,151.13,52.5,269.71,77.38,2.17,34755.94,14.6,0.7
IG_026,2025-02-27,Discount,Reel,Brand,20,0,280650,0.748,1.291,6.39,8467.26,399,21.22,5.37,121.12,34.8,205.51,45.41,2.14,9650.31,11.5,11.7
IG_090,2025-07-08,Product Drop,Static Post,Brand,0,0,640392,0.434,0.975,5.13,12897.71,314,41.08,2.62,109.5,49.0,206.56,84.42,2.06,13609.35,7.5,0.8
IG_104,2025-07-30,Influencer,Reel,Micro,15,0,284783,0.341,2.837,9.9,4529.69,242,18.72,2.71,52.47,40.1,105.45,37.9,2.02,4641.89,9.4,8.0
IG_092,2025-07-12,Paid Amplification,Reel,Brand,10,0,947179,0.349,1.325,5.03,40513.39,1217,33.29,2.65,92.07,44.1,171.91,66.36,1.99,40250.34,8.9,5.9
IG_082,2025-06-26,Organic,Reel,Brand,0,0,120295,0.397,0.613,8.9,2324.92,51,45.59,2.05,93.01,51.0,190.51,87.22,1.91,2123.48,5.8,0.9
IG_027,2025-03-10,Product Drop,Reel,Brand,0,0,201719,0.261,1.705,5.48,6740.56,151,44.64,2.39,112.21,55.6,227.64,81.26,1.82,5529.16,9.9,1.6
IG_083,2025-06-26,Influencer,Reel,Mid,0,0,410272,0.438,0.839,7.84,9905.57,218,45.44,2.2,102.07,49.1,193.55,81.95,1.8,7958.9,8.0,0.7
IG_014,2025-02-05,Paid Amplification,Reel,Brand,0,0,2040744,0.455,1.476,8.81,44278.17,1141,38.81,1.9,75.59,50.3,157.2,66.72,1.72,31845.21,7.8,0.8
IG_086,2025-06-29,Paid Amplification,Reel,Brand,15,0,650124,0.299,1.741,6.59,32797.91,1000,32.8,2.46,85.26,38.9,146.06,53.74,1.64,20938.44,8.7,8.9
IG_055,2025-05-04,Discount,Reel,Brand,20,0,658244,0.571,0.632,8.59,14541.8,559,26.01,4.5,123.0,33.6,191.79,42.17,1.62,9030.25,11.8,12.1
IG_096,2025-07-16,Organic,Reel,Brand,0,0,165650,0.525,0.744,7.34,2909.47,93,31.28,2.33,76.28,38.7,127.68,50.37,1.61,1775.28,10.0,1.0
IG_076,2025-06-07,Organic,Reel,Brand,0,0,338534,1.366,0.298,7.37,1828.18,45,40.63,2.68,112.13,31.1,168.54,61.46,1.51,937.41,13.0,0.8
IG_114,2025-09-03,Discount,Carousel,Brand,20,0,87910,0.425,0.962,7.3,4252.66,167,25.47,1.66,43.25,35.3,88.6,37.09,1.46,1941.17,4.0,11.5
IG_118,2025-09-12,UGC,Reel,Mid,0,0,1197686,0.62,0.442,8.84,14547.03,439,33.14,1.81,61.45,36.0,111.43,46.45,1.4,5843.99,7.9,1.0
IG_047,2025-04-24,Influencer,Story,Mega,10,0,1164903,0.2,0.905,5.9,79327.19,2382,33.3,1.92,66.84,38.2,121.24,46.31,1.39,30994.79,8.6,5.9
IG_021,2025-02-19,Paid Amplification,Story,Brand,15,0,575815,0.413,0.565,7.56,18487.75,674,27.43,2.32,65.09,32.5,105.19,37.75,1.38,6952.49,9.3,9.4
IG_012,2025-02-01,UGC,Reel,Mid,0,0,347001,0.474,0.785,7.66,14599.93,252,57.94,1.81,107.86,50.0,198.73,78.75,1.36,5245.28,10.1,0.8
IG_061,2025-05-12,Product Drop,Reel,Brand,0,0,51200,0.152,1.326,6.5,4635.94,70,66.23,1.67,117.7,58.6,220.01,89.75,1.36,1646.48,9.0,0.6
IG_103,2025-07-29,Product Drop,Story,Brand,0,0,198148,0.444,0.882,10.12,8429.49,130,64.84,1.61,109.72,43.1,199.32,83.99,1.3,2489.85,7.3,0.8
IG_116,2025-09-07,Product Drop,Reel,Brand,0,0,138724,0.33,2.029,5.81,8184.42,129,63.45,1.78,120.65,55.0,219.83,81.97,1.29,2390.19,11.8,0.7
IG_048,2025-04-24,Discount,Reel,Brand,25,1,3386549,4.295,0.324,10.1,11922.41,529,22.54,5.12,120.39,22.7,164.93,28.26,1.25,3028.1,13.0,15.9
IG_080,2025-06-18,Influencer,Carousel,Micro,0,0,118933,0.519,1.926,8.72,6269.55,148,42.36,1.28,56.71,46.6,125.09,51.65,1.22,1375.38,9.0,0.9
IG_044,2025-04-06,Influencer,Reel,Micro,0,0,127729,0.318,1.019,9.26,4556.27,112,40.68,1.4,58.48,43.8,107.08,43.76,1.08,344.53,9.6,0.8
IG_037,2025-03-24,Discount,Reel,Brand,25,0,368991,1.672,0.259,7.51,7649.05,204,37.5,2.24,86.43,24.0,123.49,39.22,1.05,352.54,8.3,16.5
IG_017,2025-02-11,Product Drop,Live,Brand,0,0,120538,0.171,1.175,7.72,10885.58,126,86.39,1.3,111.68,53.2,214.91,87.24,1.01,106.74,7.2,0.7
IG_084,2025-06-27,UGC,Reel,Micro,0,0,74752,0.328,0.891,4.78,4955.61,50,99.11,1.15,116.54,54.0,220.82,96.09,0.97,-151.35,5.3,1.3
IG_066,2025-05-21,Paid Amplification,Story,Brand,10,0,409178,0.264,1.702,10.4,34752.75,456,76.21,1.11,88.29,40.6,157.18,63.89,0.84,-5618.3,6.9,6.2
IG_001,2025-01-08,Influencer,Reel,Micro,10,0,231486,0.937,0.77,6.61,6998.22,168,41.66,1.16,50.8,29.8,83.77,34.75,0.83,-1159.59,9.9,5.9
IG_100,2025-07-24,Discount,Story,Brand,30,0,679689,2.313,0.245,11.45,7522.86,239,31.48,1.51,50.41,18.8,77.28,25.88,0.82,-1337.97,5.2,18.2
IG_007,2025-01-26,Organic,Reel,Brand,0,0,72064,0.698,1.632,10.35,2985.24,34,87.8,1.65,137.35,44.1,210.37,70.63,0.8,-583.73,9.6,0.8
IG_022,2025-02-20,Paid Amplification,Reel,Brand,0,0,340698,0.351,0.949,10.23,19030.26,301,63.22,0.92,57.27,46.2,118.64,50.17,0.79,-3929.04,7.4,0.7
IG_107,2025-08-04,Influencer,Story,Micro,0,0,81934,0.413,0.904,9.04,6842.35,98,69.82,0.82,60.16,48.0,123.98,54.16,0.78,-1534.97,6.4,0.8
IG_089,2025-07-06,Product Drop,Reel,Brand,0,0,87194,0.274,2.459,6.67,7462.96,71,105.11,1.03,108.43,47.9,206.86,79.24,0.75,-1836.98,11.7,0.4
IG_033,2025-03-18,Influencer,Reel,Mid,0,0,626833,1.432,0.271,6.15,12039.6,105,114.66,0.98,113.71,41.9,191.52,82.82,0.72,-3343.99,7.7,0.5
IG_043,2025-04-02,UGC,Reel,Mid,0,0,650425,0.752,0.396,7.78,13922.45,250,55.69,0.89,52.43,36.8,96.38,39.81,0.71,-3970.95,8.9,0.6
IG_034,2025-03-20,Organic,Reel,Brand,0,0,47253,0.214,0.912,10.02,4754.45,34,139.84,0.76,106.89,38.2,200.01,95.44,0.68,-1509.58,4.0,0.5
IG_057,2025-05-06,Influencer,Reel,Mega,0,1,2980958,0.965,0.782,10.66,83249.44,1291,64.48,0.95,61.86,32.2,104.59,42.13,0.65,-28854.35,9.6,0.7
IG_095,2025-07-14,Influencer,Reel,Macro,10,1,2518133,1.714,0.214,9.01,33052.58,401,82.43,1.62,140.09,31.2,199.99,52.9,0.64,-11841.53,11.9,7.1
IG_077,2025-06-08,UGC,Story,Micro,0,0,36874,0.437,0.675,5.34,4435.04,33,134.4,0.71,96.47,63.6,199.27,84.21,0.63,-1656.17,9.7,1.5
IG_079,2025-06-18,Influencer,Reel,Mid,10,0,145614,0.325,0.889,9.57,14213.78,127,111.92,0.82,96.93,33.1,162.78,68.6,0.61,-5501.09,5.4,6.6
IG_112,2025-08-28,Influencer,Reel,Macro,0,0,333972,0.327,0.71,6.5,28715.94,210,136.74,0.72,103.84,42.4,179.58,74.61,0.55,-13048.62,8.8,0.5
IG_045,2025-04-10,Influencer,Story,Micro,10,0,37220,0.185,1.061,9.61,4521.98,53,85.32,0.72,67.36,50.9,143.99,46.76,0.55,-2043.91,12.5,4.8
IG_054,2025-05-02,Organic,Static Post,Brand,0,0,77749,0.304,0.889,7.66,1371.66,25,54.87,1.0,54.82,28.0,83.9,27.46,0.5,-685.11,15.2,0.2
IG_029,2025-03-15,Organic,Reel,Brand,0,0,18584,0.145,0.49,8.95,2412.7,19,126.98,0.81,107.49,42.1,190.08,60.85,0.48,-1256.51,17.3,0.2
IG_091,2025-07-11,Discount,Story,Brand,25,0,46035,0.361,1.325,8.75,7777.92,133,58.48,0.93,54.51,30.1,90.49,28.26,0.48,-4018.88,8.4,13.9
IG_016,2025-02-11,Influencer,Static Post,Micro,15,0,155859,0.948,0.348,5.48,3682.64,56,65.76,0.82,56.27,14.3,72.64,30.42,0.46,-1979.0,1.6,11.0
IG_059,2025-05-09,Paid Amplification,Reel,Brand,10,0,551477,0.353,0.507,7.82,41874.82,533,78.56,0.69,56.64,31.3,95.99,34.45,0.44,-23512.19,9.8,5.9
IG_093,2025-07-12,UGC,Reel,Mid,10,0,265051,0.309,0.695,9.26,13550.1,151,89.74,0.55,51.29,29.1,92.44,39.05,0.44,-7653.65,4.8,6.1
IG_069,2025-05-27,Discount,Carousel,Brand,30,0,66624,0.62,0.363,7.97,5204.81,56,92.94,0.89,85.71,16.1,110.96,38.62,0.42,-3041.96,8.5,18.5
IG_081,2025-06-23,Organic,Static Post,Brand,0,0,148060,1.237,0.324,6.11,3993.49,26,153.6,0.69,108.6,30.8,143.54,62.24,0.41,-2375.36,5.4,0.0
IG_102,2025-07-28,Organic,Static Post,Brand,0,0,109333,1.474,0.379,6.41,3217.23,15,214.48,0.55,128.45,60.0,265.86,88.34,0.41,-1892.18,14.0,0.0
IG_073,2025-06-05,Paid Amplification,Carousel,Brand,15,1,1923216,1.112,0.362,7.69,38852.08,556,69.88,0.75,53.66,17.4,75.86,28.24,0.4,-23151.04,7.0,9.3
IG_032,2025-03-17,Influencer,Reel,Mid,15,0,229580,0.58,0.404,7.83,9792.12,82,119.42,0.88,126.3,25.6,177.43,46.63,0.39,-5968.28,10.4,9.6
IG_085,2025-06-28,Discount,Carousel,Brand,20,0,107464,0.548,0.618,6.48,9634.85,152,63.39,0.73,47.52,14.5,65.05,23.55,0.37,-6054.52,7.8,12.5
IG_087,2025-06-29,Discount,Story,Brand,20,0,67382,0.573,1.014,8.85,8082.52,102,79.24,0.63,54.97,24.5,78.36,27.62,0.35,-5265.22,8.6,12.8
IG_024,2025-02-21,Product Drop,Reel,Brand,0,0,127124,0.4,0.633,5.9,8911.83,49,181.87,0.57,103.39,42.9,192.29,58.31,0.32,-6054.62,15.4,1.6
IG_060,2025-05-11,Product Drop,Static Post,Brand,0,0,75077,0.165,0.717,9.13,10480.18,52,201.54,0.74,150.43,57.7,293.48,62.81,0.31,-7214.28,22.4,1.0
IG_070,2025-05-28,Influencer,Reel,Micro,0,0,136503,0.773,0.382,8.01,4752.23,25,190.09,0.4,73.86,48.0,129.47,54.48,0.29,-3390.13,9.4,0.0
IG_115,2025-09-06,Discount,Reel,Brand,20,0,486160,1.448,0.323,6.91,11650.69,126,92.47,0.6,58.62,16.7,75.54,26.87,0.29,-8264.67,6.6,14.9
IG_120,2025-09-20,Paid Amplification,Reel,Brand,10,0,118048,0.227,0.855,7.09,22453.98,110,204.13,0.4,84.39,39.1,153.6,58.59,0.29,-16009.34,9.3,5.5
IG_042,2025-04-01,Paid Amplification,Reel,Brand,0,0,1231510,0.979,0.963,11.16,50467.47,185,272.8,0.38,107.35,38.4,171.95,77.3,0.28,-36167.09,5.8,0.8
IG_105,2025-07-31,Paid Amplification,Reel,Brand,0,0,289187,0.261,0.793,5.17,48861.0,193,253.17,0.57,148.87,49.2,247.94,70.69,0.28,-35218.7,14.9,0.6
IG_099,2025-07-23,Influencer,Reel,Micro,10,0,183999,1.134,0.272,9.72,7095.33,42,168.94,0.54,95.32,26.2,132.76,44.75,0.26,-5215.92,10.6,6.2
IG_051,2025-04-30,Discount,Story,Brand,25,0,327671,1.67,0.367,9.24,15152.08,150,101.01,0.59,61.82,15.3,86.27,26.19,0.26,-11223.2,8.0,15.6
IG_002,2025-01-11,Paid Amplification,Reel,Brand,15,0,591157,0.725,0.779,7.7,20246.9,173,117.03,0.51,62.07,19.7,91.73,29.9,0.26,-15075.02,9.4,9.8
IG_010,2025-01-30,Paid Amplification,Reel,Brand,15,1,2628990,2.226,0.272,9.39,45202.63,379,119.27,0.45,56.92,20.3,83.56,30.76,0.26,-33543.11,6.7,9.7
IG_064,2025-05-14,Paid Amplification,Carousel,Brand,0,0,398003,1.054,0.728,10.89,17373.95,108,160.87,0.33,54.72,29.6,97.21,42.33,0.26,-12801.78,6.8,0.4
IG_015,2025-02-08,Influencer,Story,Nano,10,0,38782,1.777,0.557,10.44,3820.67,12,318.39,0.29,99.64,41.7,181.67,76.47,0.24,-2903.0,3.4,4.8
IG_005,2025-01-16,UGC,Carousel,Micro,0,0,207362,1.774,0.523,10.89,7578.01,42,180.43,0.37,67.62,28.6,114.53,43.96,0.24,-5731.55,9.7,0.9
IG_035,2025-03-20,Influencer,Reel,Nano,0,0,75742,1.691,0.277,6.6,3367.88,15,224.53,0.48,108.41,33.3,176.56,49.42,0.22,-2626.63,25.1,1.2
IG_019,2025-02-14,Paid Amplification,Story,Brand,0,0,662215,1.221,0.413,10.33,28445.21,171,166.35,0.36,59.84,26.3,91.39,36.68,0.22,-22173.5,9.2,0.8
IG_030,2025-03-16,Influencer,Reel,Macro,0,0,601069,0.568,0.389,8.91,38429.66,109,352.57,0.29,106.15,39.4,167.35,72.76,0.21,-30498.32,7.4,0.6
IG_075,2025-06-06,Paid Amplification,Reel,Brand,10,0,603870,0.725,0.271,6.22,18813.02,138,136.33,0.32,47.91,21.7,69.04,27.31,0.2,-15044.22,8.2,6.5
IG_063,2025-05-14,Discount,Story,Brand,20,0,276213,1.806,0.306,11.4,10648.46,83,128.29,0.4,53.75,18.1,80.74,24.17,0.19,-8642.6,12.3,11.4
IG_028,2025-03-14,Influencer,Carousel,Macro,10,0,602087,0.937,0.268,7.0,33151.17,196,169.14,0.31,54.76,21.9,79.05,25.8,0.15,-28095.16,11.1,6.3
IG_018,2025-02-12,Paid Amplification,Story,Brand,10,0,310536,1.262,0.927,8.83,18001.64,77,233.79,0.23,57.25,24.7,102.91,35.82,0.15,-15243.88,9.6,7.0
IG_058,2025-05-07,Influencer,Story,Micro,0,0,9742,0.205,0.688,5.71,6026.26,13,463.56,0.16,65.17,61.5,153.45,71.1,0.15,-5101.93,4.6,0.0
IG_067,2025-05-26,Influencer,Static Post,Mid,10,0,321773,0.505,0.26,5.71,14096.45,65,216.87,0.22,55.02,13.8,73.5,30.23,0.14,-12131.6,8.7,6.3
IG_065,2025-05-14,Influencer,Story,Mid,15,0,22142,0.203,0.872,9.97,15210.97,43,353.74,0.24,88.05,30.2,153.29,49.91,0.14,-13064.96,11.3,9.4
IG_036,2025-03-23,Influencer,Reel,Micro,0,0,89702,1.149,0.3,8.41,4550.49,13,350.04,0.25,88.51,38.5,132.02,50.26,0.14,-3897.09,21.0,0.7
IG_041,2025-03-29,Organic,Static Post,Brand,0,0,56862,0.494,0.556,5.78,3801.34,9,422.37,0.26,129.82,11.1,167.28,50.28,0.12,-3348.86,10.2,0.0
IG_106,2025-08-03,Influencer,Live,Macro,10,0,269706,0.53,0.426,5.83,37932.28,117,324.21,0.18,66.39,32.5,104.54,40.05,0.12,-33246.58,10.2,6.3
IG_025,2025-02-23,Organic,Story,Brand,0,0,17501,0.394,0.371,5.8,2633.15,5,526.63,0.13,69.31,40.0,128.15,60.6,0.12,-2330.17,4.3,1.3
IG_062,2025-05-13,UGC,Live,Nano,0,0,17072,0.756,0.685,7.66,4580.02,7,654.29,0.18,117.34,57.1,176.01,67.06,0.1,-4110.6,15.1,0.0
IG_108,2025-08-08,Influencer,Live,Macro,10,0,367820,0.921,0.229,8.66,33415.27,86,388.55,0.16,69.31,26.7,109.73,34.1,0.09,-30483.05,13.5,6.8
IG_004,2025-01-11,Influencer,Reel,Nano,0,0,10011,0.26,1.528,6.87,4848.22,8,606.03,0.15,84.67,50.0,126.19,55.06,0.09,-4407.75,8.2,0.0
IG_023,2025-02-20,UGC,Reel,Nano,10,0,11250,0.142,0.996,7.48,1799.98,3,599.99,0.06,36.91,33.3,87.11,46.23,0.08,-1661.28,0.0,1.2
IG_049,2025-04-28,Influencer,Carousel,Nano,0,0,30733,2.476,0.234,7.84,2499.25,6,416.54,0.25,102.1,0.0,102.1,21.79,0.05,-2368.5,29.1,0.0
IG_111,2025-08-27,Influencer,Carousel,Nano,10,0,4037,0.223,0.495,6.99,3640.69,1,3640.69,0.03,105.44,100.0,442.52,177.14,0.05,-3463.55,0.0,2.6
IG_110,2025-08-16,Influencer,Story,Nano,10,0,9275,0.539,0.518,10.4,3552.33,5,710.47,0.06,61.51,0.0,61.51,30.25,0.04,-3401.08,0.0,10.0
IG_113,2025-08-30,Influencer,Carousel,Nano,15,0,2409,0.291,0.332,7.02,3396.16,1,3396.16,0.04,101.85,100.0,143.36,71.28,0.02,-3324.88,0.0,13.6
IG_013,2025-02-03,Influencer,Static Post,Nano,10,0,22715,0.643,0.48,7.71,4504.02,3,1501.34,0.04,63.25,0.0,63.25,29.53,0.02,-4415.43,0.0,10.0
IG_098,2025-07-22,Influencer,Reel,Mid,15,0,41347,0.305,0.37,4.5,12227.69,9,1358.63,0.03,36.95,11.1,46.83,13.42,0.01,-12106.91,17.4,11.2
