campaign_id,campaign_date,campaign_type,content_type,creator_tier,discount_pct,spend,reach,sessions,sessions_per_1k_reach,add_to_cart_rate_pct,checkout_rate_pct,purchase_rate_pct,session_conversion_pct,new_customers,cac,revenue_7d,roas_7d
IG_038,2025-03-25,Paid Amplification,Carousel,Brand,15,31227.49,4143880,59659,14.4,30.02,46.47,54.5,7.6,4535,6.89,413316.92,13.24
IG_047,2025-04-24,Influencer,Story,Mega,10,79327.19,1164903,33964,29.16,27.12,46.3,55.86,7.01,2382,33.3,151975.54,1.92
IG_031,2025-03-16,Paid Amplification,Reel,Brand,0,46916.87,3702945,39261,10.6,22.13,45.83,54.47,5.52,2169,21.63,131113.44,2.79
IG_039,2025-03-26,Influencer,Reel,Mid,15,9718.99,1683594,23893,14.19,29.43,45.56,55.98,7.5,1793,5.42,164485.66,16.92
IG_057,2025-05-06,Influencer,Reel,Mega,0,83249.44,2980958,30468,10.22,16.68,45.9,55.36,4.24,1291,64.48,78720.78,0.95
IG_088,2025-07-01,Product Drop,Carousel,Brand,0,10597.58,730736,21744,29.76,22.31,46.78,55.35,5.78,1256,8.44,183603.79,17.33
IG_092,2025-07-12,Paid Amplification,Reel,Brand,10,40513.39,947179,17336,18.3,27.0,46.51,55.9,7.02,1217,33.29,107524.03,2.65
IG_006,2025-01-22,Product Drop,Reel,Brand,0,10751.22,2371617,20300,8.56,22.05,46.07,57.66,5.86,1189,9.04,93183.68,8.67
IG_014,2025-02-05,Paid Amplification,Reel,Brand,0,44278.17,2040744,20315,9.95,22.36,45.81,54.83,5.62,1141,38.81,84303.24,1.9
IG_003,2025-01-11,Influencer,Reel,Macro,0,24736.95,10191099,36202,3.55,11.0,46.12,57.68,2.93,1059,23.36,106138.92,4.29
IG_052,2025-05-02,Discount,Reel,Brand,20,5899.65,841584,12041,14.31,32.01,46.81,57.71,8.65,1041,5.67,85028.82,14.41
IG_086,2025-06-29,Paid Amplification,Reel,Brand,15,32797.91,650124,13196,20.3,29.27,45.09,57.41,7.58,1000,32.8,80811.36,2.46
IG_074,2025-06-06,Discount,Carousel,Brand,25,10143.1,431245,10968,25.43,34.81,45.76,52.55,8.37,918,11.05,49052.38,4.84
IG_119,2025-09-14,Paid Amplification,Reel,Brand,0,29783.08,1181546,14375,12.17,22.57,46.05,55.82,5.8,834,35.71,121208.33,4.07
IG_046,2025-04-11,Influencer,Carousel,Mid,15,12174.2,798549,10799,13.52,30.26,45.1,56.45,7.7,832,14.63,71863.4,5.9
IG_101,2025-07-27,Influencer,Carousel,Mid,15,10819.66,483498,10217,21.13,29.52,46.02,54.47,7.4,756,14.31,60758.07,5.62
IG_109,2025-08-14,Influencer,Reel,Micro,15,5616.12,499025,8876,17.79,29.66,48.23,57.87,8.28,735,7.64,71276.05,12.69
IG_021,2025-02-19,Paid Amplification,Story,Brand,15,18487.75,575815,11445,19.88,22.73,46.81,55.34,5.89,674,27.43,42820.13,2.32
IG_055,2025-05-04,Discount,Reel,Brand,20,14541.8,658244,8543,12.98,25.41,46.34,55.57,6.54,559,26.01,65439.38,4.5
IG_073,2025-06-05,Paid Amplification,Carousel,Brand,15,38852.08,1923216,15517,8.07,14.15,45.1,56.16,3.58,556,69.88,28946.28,0.75
IG_059,2025-05-09,Paid Amplification,Reel,Brand,10,41874.82,551477,9514,17.25,20.52,48.0,56.88,5.6,533,78.56,28965.81,0.69
IG_048,2025-04-24,Discount,Reel,Brand,25,11922.41,3386549,11381,3.36,16.72,46.24,60.11,4.65,529,22.54,61101.27,5.12
IG_050,2025-04-30,UGC,Reel,Mid,10,8859.88,1168143,9663,8.27,21.38,44.39,56.38,5.35,517,17.14,33712.32,3.81
IG_011,2025-01-31,Influencer,Story,Mid,0,10680.86,271555,7954,29.29,22.91,45.99,54.53,5.75,457,23.37,27334.53,2.56
IG_066,2025-05-21,Paid Amplification,Story,Brand,10,34752.75,409178,6127,14.97,27.06,45.6,60.32,7.44,456,76.21,38408.43,1.11
IG_068,2025-05-27,UGC,Reel,Micro,0,3762.68,825337,7760,9.4,21.89,48.2,55.31,5.84,453,8.31,42916.67,11.41
IG_118,2025-09-12,UGC,Reel,Mid,0,14547.03,1197686,10195,8.51,16.93,45.94,55.36,4.31,439,33.14,26337.87,1.81
IG_095,2025-07-14,Influencer,Reel,Macro,10,33052.58,2518133,12077,4.8,12.78,46.37,56.01,3.32,401,82.43,53424.25,1.62
IG_026,2025-02-27,Discount,Reel,Brand,20,8467.26,280650,4919,17.53,31.96,43.83,57.91,8.11,399,21.22,45499.5,5.37
IG_008,2025-01-27,Organic,Reel,Brand,0,3987.28,1516158,8733,5.76,17.06,46.78,55.81,4.45,389,10.25,41973.3,10.53
IG_010,2025-01-30,Paid Amplification,Reel,Brand,15,45202.63,2628990,10196,3.88,14.33,47.84,54.22,3.72,379,119.27,20237.94,0.45
IG_056,2025-05-04,Organic,Carousel,Brand,0,4845.46,314842,5898,18.73,22.31,45.36,57.12,5.78,341,14.21,38397.19,7.92
IG_009,2025-01-27,Product Drop,Reel,Brand,0,10697.7,568548,5516,9.7,21.57,46.47,58.77,5.89,325,32.92,35728.43,3.34
IG_090,2025-07-08,Product Drop,Static Post,Brand,0,12897.71,640392,4962,7.75,23.16,48.48,56.37,6.33,314,41.08,33838.46,2.62
IG_117,2025-09-10,Product Drop,Story,Brand,0,9011.7,378704,5163,13.63,22.08,45.79,58.43,5.91,305,29.55,40643.17,4.51
IG_022,2025-02-20,Paid Amplification,Reel,Brand,0,19030.26,340698,5050,14.82,22.02,46.58,58.11,5.96,301,63.22,17592.45,0.92
IG_053,2025-05-02,Influencer,Carousel,Mid,0,11853.16,171557,5470,31.88,21.77,42.74,58.74,5.47,299,39.64,32708.44,2.76
IG_012,2025-02-01,UGC,Reel,Mid,0,14599.93,347001,5614,16.18,17.78,47.39,53.28,4.49,252,57.94,26427.21,1.81
IG_043,2025-04-02,UGC,Reel,Mid,0,13922.45,650425,5583,8.58,17.77,45.56,55.31,4.48,250,55.69,12333.97,0.89
IG_104,2025-07-30,Influencer,Reel,Micro,15,4529.69,284783,2944,10.34,30.5,47.1,57.21,8.22,242,18.72,12282.4,2.71
IG_094,2025-07-14,Influencer,Reel,Micro,10,4077.59,478578,4660,9.74,20.3,45.56,56.15,5.19,242,16.85,13085.01,3.21
IG_100,2025-07-24,Discount,Story,Brand,30,7522.86,679689,5889,8.66,18.36,43.85,50.42,4.06,239,31.48,11359.87,1.51
IG_072,2025-06-03,Product Drop,Reel,Brand,0,6683.63,492942,4566,9.26,21.02,44.79,54.19,5.1,233,28.69,33745.05,5.05
IG_083,2025-06-26,Influencer,Reel,Mid,0,9905.57,410272,4302,10.49,17.13,48.71,60.72,5.07,218,45.44,21787.49,2.2
IG_078,2025-06-14,Organic,Story,Brand,0,1809.19,184412,3585,19.44,21.87,46.68,57.92,5.91,212,8.53,32597.44,18.02
IG_112,2025-08-28,Influencer,Reel,Macro,0,28715.94,333972,4873,14.59,16.62,47.28,54.83,4.31,210,136.74,20695.01,0.72
IG_037,2025-03-24,Discount,Reel,Brand,25,7649.05,368991,4644,12.59,17.1,44.84,57.3,4.39,204,37.5,17142.4,2.24
IG_028,2025-03-14,Influencer,Carousel,Macro,10,33151.17,602087,5283,8.77,13.91,46.8,56.98,3.71,196,169.14,10173.65,0.31
IG_105,2025-07-31,Paid Amplification,Reel,Brand,0,48861.0,289187,4445,15.37,17.41,46.51,53.61,4.34,193,253.17,28061.64,0.57
IG_042,2025-04-01,Paid Amplification,Reel,Brand,0,50467.47,1231510,6589,5.35,11.02,50.69,50.27,2.81,185,272.8,19367.48,0.38
IG_071,2025-05-30,Influencer,Carousel,Micro,0,5356.88,310118,3357,10.82,17.63,49.16,60.82,5.27,177,30.26,26922.17,5.03
IG_020,2025-02-16,Organic,Carousel,Brand,0,1579.48,280311,3866,13.79,17.3,45.74,57.19,4.53,175,9.03,14119.77,8.94
IG_002,2025-01-11,Paid Amplification,Reel,Brand,15,20246.9,591157,4866,8.23,13.6,43.81,59.66,3.56,173,117.03,10317.98,0.51
IG_040,2025-03-27,Product Drop,Static Post,Brand,0,5138.23,197010,2821,14.32,22.19,48.08,57.14,6.1,172,29.87,17123.86,3.33
IG_019,2025-02-14,Paid Amplification,Story,Brand,0,28445.21,662215,5341,8.07,11.46,45.75,61.07,3.2,171,166.35,10139.95,0.36
IG_001,2025-01-08,Influencer,Reel,Micro,10,6998.22,231486,3312,14.31,21.11,44.78,53.67,5.07,168,41.66,8093.92,1.16
IG_114,2025-09-03,Discount,Carousel,Brand,20,4252.66,87910,2079,23.65,31.79,46.14,54.75,8.03,167,25.47,7058.57,1.66
IG_085,2025-06-28,Discount,Carousel,Brand,20,9634.85,107464,2176,20.25,24.68,46.18,61.29,6.99,152,63.39,7033.73,0.73
IG_093,2025-07-12,UGC,Reel,Mid,10,13550.1,265051,2667,10.06,21.41,49.21,53.74,5.66,151,89.74,7489.17,0.55
IG_027,2025-03-10,Product Drop,Reel,Brand,0,6740.56,201719,2517,12.48,21.85,47.64,57.63,6.0,151,44.64,16098.1,2.39
IG_051,2025-04-30,Discount,Story,Brand,25,15152.08,327671,3594,10.97,16.47,46.11,54.95,4.17,150,101.01,8940.9,0.59
IG_080,2025-06-18,Influencer,Carousel,Micro,0,6269.55,118933,2573,21.63,23.01,43.41,57.59,5.75,148,42.36,8043.7,1.28
IG_075,2025-06-06,Paid Amplification,Reel,Brand,10,18813.02,603870,3708,6.14,13.51,49.1,56.1,3.72,138,136.33,6056.35,0.32
IG_091,2025-07-11,Discount,Story,Brand,25,7777.92,46035,1455,31.61,35.67,47.98,53.41,9.14,133,58.48,7255.77,0.93
IG_103,2025-07-29,Product Drop,Story,Brand,0,8429.49,198148,2664,13.44,17.3,46.64,60.47,4.88,130,64.84,13602.19,1.61
IG_116,2025-09-07,Product Drop,Reel,Brand,0,8184.42,138724,2315,16.69,22.33,47.58,52.44,5.57,129,63.45,14561.59,1.78
IG_079,2025-06-18,Influencer,Reel,Mid,10,14213.78,145614,2341,16.08,21.23,44.67,57.21,5.43,127,111.92,11598.07,0.82
IG_115,2025-09-06,Discount,Reel,Brand,20,11650.69,486160,3077,6.33,15.24,48.4,55.51,4.09,126,92.47,7000.02,0.6
IG_017,2025-02-11,Product Drop,Live,Brand,0,10885.58,120538,1773,14.71,21.94,48.07,67.38,7.11,126,86.39,14157.65,1.3
IG_106,2025-08-03,Influencer,Live,Macro,10,37932.28,269706,3113,11.54,13.17,45.85,62.23,3.76,117,324.21,6910.76,0.18
IG_044,2025-04-06,Influencer,Reel,Micro,0,4556.27,127729,1690,13.23,22.43,48.55,60.87,6.63,112,40.68,6389.2,1.4
IG_120,2025-09-20,Paid Amplification,Reel,Brand,10,22453.98,118048,1920,16.26,20.47,47.84,58.51,5.73,110,204.13,8973.28,0.4
IG_030,2025-03-16,Influencer,Reel,Macro,0,38429.66,601069,4082,6.79,10.41,48.47,52.91,2.67,109,352.57,10990.77,0.29
IG_064,2025-05-14,Paid Amplification,Carousel,Brand,0,17373.95,398003,4603,11.57,10.99,42.09,50.7,2.35,108,160.87,5726.55,0.33
IG_033,2025-03-18,Influencer,Reel,Mid,0,12039.6,626833,3514,5.61,11.98,44.89,55.56,2.99,105,114.66,11794.15,0.98
IG_087,2025-06-29,Discount,Story,Brand,20,8082.52,67382,1648,24.46,24.51,47.77,52.85,6.19,102,79.24,5068.01,0.63
IG_107,2025-08-04,Influencer,Story,Micro,0,6842.35,81934,1653,20.17,22.26,45.92,57.99,5.93,98,69.82,5616.7,0.82
IG_096,2025-07-16,Organic,Reel,Brand,0,2909.47,165650,1789,10.8,17.55,46.82,63.27,5.2,93,31.28,6790.77,2.33
IG_108,2025-08-08,Influencer,Live,Macro,10,33415.27,367820,2384,6.48,14.26,46.18,54.78,3.61,86,388.55,5315.86,0.16
IG_097,2025-07-21,Organic,Static Post,Brand,0,2131.98,283884,1850,6.52,15.68,51.72,56.67,4.59,85,25.08,8279.11,3.88
IG_063,2025-05-14,Discount,Story,Brand,20,10648.46,276213,2313,8.37,16.3,45.89,47.98,3.59,83,128.29,4224.73,0.4
IG_032,2025-03-17,Influencer,Reel,Mid,15,9792.12,229580,2366,10.31,14.24,43.32,56.16,3.47,82,119.42,8598.55,0.88
IG_018,2025-02-12,Paid Amplification,Story,Brand,10,18001.64,310536,2098,6.76,12.63,47.55,61.11,3.67,77,233.79,4218.74,0.23
IG_089,2025-07-06,Product Drop,Reel,Brand,0,7462.96,87194,1192,13.67,23.32,47.48,53.79,5.96,71,105.11,7650.64,1.03
IG_061,2025-05-12,Product Drop,Reel,Brand,0,4635.94,51200,1189,23.22,22.79,47.97,53.85,5.89,70,66.23,7757.27,1.67
IG_067,2025-05-26,Influencer,Static Post,Mid,10,14096.45,321773,1989,6.18,13.17,48.85,50.78,3.27,65,216.87,3108.52,0.22
IG_016,2025-02-11,Influencer,Static Post,Micro,15,3682.64,155859,1344,8.62,15.4,45.41,59.57,4.17,56,65.76,3029.68,0.82
IG_069,2025-05-27,Discount,Carousel,Brand,30,5204.81,66624,1111,16.68,18.63,46.38,58.33,5.04,56,92.94,4637.79,0.89
IG_045,2025-04-10,Influencer,Story,Micro,10,4521.98,37220,933,25.07,25.08,39.32,57.61,5.68,53,85.32,3262.18,0.72
IG_060,2025-05-11,Product Drop,Static Post,Brand,0,10480.18,75077,861,11.47,21.25,45.9,61.9,6.04,52,201.54,7708.15,0.74
IG_082,2025-06-26,Organic,Reel,Brand,0,2324.92,120295,1283,10.67,18.32,41.28,52.58,3.98,51,45.59,4767.19,2.05
IG_084,2025-06-27,UGC,Reel,Micro,0,4955.61,74752,1167,15.61,17.74,43.0,56.18,4.28,50,99.11,5675.87,1.15
IG_024,2025-02-21,Product Drop,Reel,Brand,0,8911.83,127124,1004,7.9,18.13,45.05,59.76,4.88,49,181.87,5066.25,0.57
IG_076,2025-06-07,Organic,Reel,Brand,0,1828.18,338534,1742,5.15,9.99,43.1,60.0,2.58,45,40.63,4896.65,2.68
IG_065,2025-05-14,Influencer,Story,Mid,15,15210.97,22142,690,31.16,23.04,45.91,58.9,6.23,43,353.74,3651.62,0.24
IG_005,2025-01-16,UGC,Carousel,Micro,0,7578.01,207362,1690,8.15,11.66,43.65,48.84,2.49,42,180.43,2809.3,0.37
IG_099,2025-07-23,Influencer,Reel,Micro,10,7095.33,183999,1440,7.83,11.32,46.01,56.0,2.92,42,168.94,3861.1,0.54
IG_007,2025-01-26,Organic,Reel,Brand,0,2985.24,72064,818,11.35,16.5,46.67,53.97,4.16,34,87.8,4916.08,1.65
IG_034,2025-03-20,Organic,Reel,Brand,0,4754.45,47253,673,14.24,17.68,46.22,61.82,5.05,34,139.84,3634.28,0.76
IG_077,2025-06-08,UGC,Story,Micro,0,4435.04,36874,624,16.92,18.11,52.21,55.93,5.29,33,134.4,3146.27,0.71
IG_081,2025-06-23,Organic,Static Post,Brand,0,3993.49,148060,838,5.66,10.5,44.32,66.67,3.1,26,153.6,2754.13,0.69
IG_070,2025-05-28,Influencer,Reel,Micro,0,4752.23,136503,846,6.2,12.17,46.6,52.08,2.96,25,190.09,1906.39,0.4
IG_054,2025-05-02,Organic,Static Post,Brand,0,1371.66,77749,750,9.65,15.07,47.79,46.3,3.33,25,54.87,1370.42,1.0
IG_029,2025-03-15,Organic,Reel,Brand,0,2412.7,18584,531,28.57,17.33,39.13,52.78,3.58,19,126.98,1947.85,0.81
IG_102,2025-07-28,Organic,Static Post,Brand,0,3217.23,109333,745,6.81,8.59,39.06,60.0,2.01,15,214.48,1773.01,0.55
IG_035,2025-03-20,Influencer,Reel,Nano,0,3367.88,75742,483,6.38,11.18,40.74,68.18,3.11,15,224.53,1626.15,0.48
IG_036,2025-03-23,Influencer,Reel,Micro,0,4550.49,89702,466,5.19,9.44,50.0,59.09,2.79,13,350.04,1150.58,0.25
IG_058,2025-05-07,Influencer,Story,Micro,0,6026.26,9742,251,25.76,22.71,50.88,44.83,5.18,13,463.56,938.13,0.16
IG_015,2025-02-08,Influencer,Story,Nano,10,3820.67,38782,251,6.47,13.15,57.58,63.16,4.78,12,318.39,1113.69,0.29
IG_098,2025-07-22,Influencer,Reel,Mid,15,12227.69,41347,335,8.1,14.93,44.0,40.91,2.69,9,1358.63,332.51,0.03
IG_041,2025-03-29,Organic,Static Post,Brand,0,3801.34,56862,403,7.09,10.17,51.22,42.86,2.23,9,422.37,999.86,0.26
IG_004,2025-01-11,Influencer,Reel,Nano,0,4848.22,10011,182,18.18,18.13,57.58,42.11,4.4,8,606.03,735.13,0.15
IG_062,2025-05-13,UGC,Live,Nano,0,4580.02,17072,151,8.84,13.25,50.0,70.0,4.64,7,654.29,821.38,0.18
IG_049,2025-04-28,Influencer,Carousel,Nano,0,2499.25,30733,204,6.64,11.76,50.0,50.0,2.94,6,416.54,612.62,0.25
IG_025,2025-02-23,Organic,Story,Brand,0,2633.15,17501,190,10.86,14.74,42.86,41.67,2.63,5,526.63,346.57,0.13
IG_110,2025-08-16,Influencer,Story,Nano,10,3552.33,9275,142,15.31,11.97,41.18,71.43,3.52,5,710.47,220.24,0.06
IG_023,2025-02-20,UGC,Reel,Nano,10,1799.98,11250,153,13.6,18.3,35.71,30.0,1.96,3,599.99,110.73,0.06
IG_013,2025-02-03,Influencer,Static Post,Nano,10,4504.02,22715,158,6.96,8.86,35.71,60.0,1.9,3,1501.34,189.74,0.04
IG_111,2025-08-27,Influencer,Carousel,Nano,10,3640.69,4037,81,20.06,14.81,33.33,25.0,1.23,1,3640.69,105.44,0.03
IG_113,2025-08-30,Influencer,Carousel,Nano,15,3396.16,2409,38,15.77,18.42,28.57,50.0,2.63,1,3396.16,143.36,0.04
