campaign_id,campaign_type,content_type,creator_tier,discount_pct,new_customers,repeat_30d_pct,repeat_60d_pct,repeat_90d_pct,avg_days_to_second_order,median_days_to_second_order
IG_077,UGC,Story,Micro,0,33,39.4,57.6,63.6,34.8,23.0
IG_068,UGC,Reel,Micro,0,453,27.4,51.4,59.6,40.5,34.0
IG_061,Product Drop,Reel,Brand,0,70,27.1,48.6,58.6,38.9,33.0
IG_053,Influencer,Carousel,Mid,0,299,26.8,51.8,58.5,41.2,33.5
IG_060,Product Drop,Static Post,Brand,0,52,23.1,51.9,57.7,37.2,36.5
IG_071,Influencer,Carousel,Micro,0,177,25.4,50.8,57.1,41.9,35.5
IG_117,Product Drop,Story,Brand,0,305,28.9,49.8,56.1,36.3,31.0
IG_027,Product Drop,Reel,Brand,0,151,27.2,49.7,55.6,38.0,35.5
IG_072,Product Drop,Reel,Brand,0,233,28.8,48.9,55.4,41.5,33.0
IG_088,Product Drop,Carousel,Brand,0,1256,25.0,48.0,55.3,42.1,37.0
IG_116,Product Drop,Reel,Brand,0,129,27.1,42.6,55.0,44.3,37.0
IG_009,Product Drop,Reel,Brand,0,325,26.5,48.6,54.5,43.6,33.0
IG_084,UGC,Reel,Micro,0,50,28.0,52.0,54.0,41.0,31.0
IG_056,Organic,Carousel,Brand,0,341,26.1,47.5,53.7,42.5,33.5
IG_017,Product Drop,Live,Brand,0,126,27.8,46.8,53.2,41.3,33.5
IG_119,Paid Amplification,Reel,Brand,0,834,24.5,45.3,52.5,37.7,33.5
IG_040,Product Drop,Static Post,Brand,0,172,23.3,47.1,52.3,45.4,38.0
IG_082,Organic,Reel,Brand,0,51,27.5,43.1,51.0,38.7,31.5
IG_045,Influencer,Story,Micro,10,53,18.9,45.3,50.9,50.5,47.0
IG_078,Organic,Story,Brand,0,212,23.6,44.8,50.5,40.0,35.0
IG_014,Paid Amplification,Reel,Brand,0,1141,23.6,44.3,50.3,48.0,37.0
IG_012,UGC,Reel,Mid,0,252,21.0,40.5,50.0,51.5,41.0
IG_006,Product Drop,Reel,Brand,0,1189,22.3,43.2,49.5,47.2,37.0
IG_105,Paid Amplification,Reel,Brand,0,193,22.8,44.6,49.2,38.3,33.0
IG_083,Influencer,Reel,Mid,0,218,26.6,44.5,49.1,41.2,31.0
IG_090,Product Drop,Static Post,Brand,0,314,25.5,43.0,49.0,42.2,34.5
IG_011,Influencer,Story,Mid,0,457,22.3,42.0,49.0,49.3,38.5
IG_107,Influencer,Story,Micro,0,98,19.4,42.9,48.0,34.7,36.0
IG_089,Product Drop,Reel,Brand,0,71,25.4,39.4,47.9,48.3,32.0
IG_008,Organic,Reel,Brand,0,389,20.8,39.6,47.0,48.7,36.0
IG_080,Influencer,Carousel,Micro,0,148,25.0,41.2,46.6,45.4,33.0
IG_022,Paid Amplification,Reel,Brand,0,301,23.9,41.5,46.2,44.8,33.0
IG_031,Paid Amplification,Reel,Brand,0,2169,21.1,39.6,46.1,47.7,37.0
IG_109,Influencer,Reel,Micro,15,735,21.2,39.5,45.7,44.0,36.0
IG_092,Paid Amplification,Reel,Brand,10,1217,21.0,38.0,44.1,45.1,35.0
IG_007,Organic,Reel,Brand,0,34,23.5,35.3,44.1,41.3,40.0
IG_044,Influencer,Reel,Micro,0,112,17.9,31.3,43.8,56.0,45.5
IG_097,Organic,Static Post,Brand,0,85,16.5,35.3,43.5,49.7,44.0
IG_103,Product Drop,Story,Brand,0,130,20.8,38.5,43.1,41.3,35.0
IG_024,Product Drop,Reel,Brand,0,49,18.4,36.7,42.9,69.2,41.0
IG_112,Influencer,Reel,Macro,0,210,20.0,36.7,42.4,44.1,35.0
IG_039,Influencer,Reel,Mid,15,1793,20.1,37.0,42.0,52.2,39.0
IG_038,Paid Amplification,Carousel,Brand,15,4535,20.2,36.9,42.0,49.0,37.0
IG_033,Influencer,Reel,Mid,0,105,20.0,36.2,41.9,45.8,34.5
IG_046,Influencer,Carousel,Mid,15,832,19.8,36.5,41.8,48.4,37.5
IG_101,Influencer,Carousel,Mid,15,756,22.9,35.6,41.0,42.6,31.0
IG_066,Paid Amplification,Story,Brand,10,456,21.1,37.1,40.6,47.7,34.0
IG_104,Influencer,Reel,Micro,15,242,19.8,33.1,40.1,43.6,35.0
IG_020,Organic,Carousel,Brand,0,175,16.6,33.7,39.4,58.1,38.0
IG_030,Influencer,Reel,Macro,0,109,18.3,33.0,39.4,49.0,35.0
IG_120,Paid Amplification,Reel,Brand,10,110,16.4,31.8,39.1,39.9,35.0
IG_086,Paid Amplification,Reel,Brand,15,1000,18.2,33.6,38.9,49.9,40.0
IG_050,UGC,Reel,Mid,10,517,17.2,35.2,38.7,52.4,39.5
IG_096,Organic,Reel,Brand,0,93,16.1,33.3,38.7,52.3,39.0
IG_042,Paid Amplification,Reel,Brand,0,185,16.2,34.1,38.4,57.7,44.0
IG_047,Influencer,Story,Mega,10,2382,16.4,33.3,38.2,50.5,39.0
IG_034,Organic,Reel,Brand,0,34,23.5,38.2,38.2,25.5,19.0
IG_043,UGC,Reel,Mid,0,250,16.0,31.6,36.8,51.3,38.0
IG_094,Influencer,Reel,Micro,10,242,20.2,31.8,36.4,47.2,33.0
IG_118,UGC,Reel,Mid,0,439,17.1,32.8,36.0,44.0,36.5
IG_052,Discount,Reel,Brand,20,1041,16.2,31.2,35.5,53.0,41.0
IG_114,Discount,Carousel,Brand,20,167,19.2,32.9,35.3,43.9,33.5
IG_026,Discount,Reel,Brand,20,399,16.0,31.6,34.8,57.1,40.0
IG_055,Discount,Reel,Brand,20,559,15.4,30.2,33.6,61.3,41.0
IG_079,Influencer,Reel,Mid,10,127,15.7,28.3,33.1,49.7,37.0
IG_003,Influencer,Reel,Macro,0,1059,16.1,28.8,32.7,54.7,39.0
IG_106,Influencer,Live,Macro,10,117,17.9,28.2,32.5,44.0,33.0
IG_021,Paid Amplification,Story,Brand,15,674,16.0,28.5,32.5,55.0,41.0
IG_057,Influencer,Reel,Mega,0,1291,14.7,28.1,32.2,54.1,38.0
IG_059,Paid Amplification,Reel,Brand,10,533,13.3,25.7,31.3,58.8,49.0
IG_095,Influencer,Reel,Macro,10,401,16.7,27.7,31.2,46.4,33.0
IG_076,Organic,Reel,Brand,0,45,13.3,26.7,31.1,54.4,42.0
IG_065,Influencer,Story,Mid,15,43,9.3,25.6,30.2,51.9,50.0
IG_091,Discount,Story,Brand,25,133,12.0,25.6,30.1,48.7,39.5
IG_001,Influencer,Reel,Micro,10,168,8.9,26.2,29.8,66.5,46.0
IG_064,Paid Amplification,Carousel,Brand,0,108,11.1,25.9,29.6,58.0,43.0
IG_074,Discount,Carousel,Brand,25,918,13.7,25.9,29.2,55.4,41.5
IG_093,UGC,Reel,Mid,10,151,16.6,27.8,29.1,54.8,35.0
IG_005,UGC,Carousel,Micro,0,42,7.1,28.6,28.6,52.9,42.0
IG_108,Influencer,Live,Macro,10,86,10.5,24.4,26.7,61.0,44.0
IG_019,Paid Amplification,Story,Brand,0,171,10.5,23.4,26.3,69.8,48.5
IG_099,Influencer,Reel,Micro,10,42,4.8,21.4,26.2,62.4,47.5
IG_032,Influencer,Reel,Mid,15,82,11.0,22.0,25.6,52.7,36.0
IG_018,Paid Amplification,Story,Brand,10,77,14.3,23.4,24.7,55.8,32.0
IG_087,Discount,Story,Brand,20,102,7.8,18.6,24.5,61.0,53.0
IG_037,Discount,Reel,Brand,25,204,9.8,18.6,24.0,67.6,51.0
IG_048,Discount,Reel,Brand,25,529,11.7,19.8,22.7,62.1,43.0
IG_028,Influencer,Carousel,Macro,10,196,9.2,18.9,21.9,69.0,50.0
IG_075,Paid Amplification,Reel,Brand,10,138,10.9,20.3,21.7,59.3,39.0
IG_010,Paid Amplification,Reel,Brand,15,379,10.3,17.7,20.3,64.3,47.0
IG_002,Paid Amplification,Reel,Brand,15,173,8.1,16.2,19.7,84.6,60.0
IG_100,Discount,Story,Brand,30,239,8.8,17.6,18.8,53.8,42.0
IG_063,Discount,Story,Brand,20,83,9.6,16.9,18.1,64.2,38.0
IG_073,Paid Amplification,Carousel,Brand,15,556,7.2,15.6,17.4,67.5,48.0
IG_115,Discount,Reel,Brand,20,126,5.6,14.3,16.7,56.0,49.0
IG_069,Discount,Carousel,Brand,30,56,5.4,14.3,16.1,76.4,54.0
IG_051,Discount,Story,Brand,25,150,7.3,13.3,15.3,84.0,57.5
IG_085,Discount,Carousel,Brand,20,152,9.9,14.5,14.5,69.0,35.0
IG_016,Influencer,Static Post,Micro,15,56,10.7,14.3,14.3,104.1,87.5
IG_067,Influencer,Static Post,Mid,10,65,3.1,9.2,13.8,71.4,68.5
